0.531976843229281,0.71281690859177,-0.371036695571348
0.0783032489599301,0.0624257460648286,-0.335563891798614
-0.0734004009247416,-0.00847523146564962,0.48323331383109
0.0883187017670664,-0.0852210560352091,-0.319325941896793
0.00866027118921781,-0.664201670915252,-0.57108213877181
0.193399068721439,0.299989289281243,-0.396109857018708
0.137785615654297,0.266218357688484,0.169404220794026
0.247491493407931,0.372887578572481,0.260058428099668
-0.266494326876707,-0.0767560114481719,-0.865715576605482
0.600714646614743,-0.131290901884118,0.615130133236287
0.316902304585527,-0.0434521588551177,-0.559476092893966
0.345390743625631,-0.390163742471305,-0.0928874131975509
-0.108734825010485,-0.876848288122563,-0.0768059623448648
0.159854852856772,0.279952014906297,-0.0439962870648203
0.0946561355232845,0.272965887289908,0.144712453463563
0.201523557159454,-0.308088654529797,0.404835805854474
0.178013128056301,0.0983726005108648,-0.300166309891676
0.241809664095407,0.129068343283759,-0.354783336555175
0.203372403180635,-0.0876697468668568,0.327760924647963
0.402310433873642,-0.0359209582771382,0.612630057135789
0.052461465139739,-0.829593164908585,0.479729214807216
0.0701012109673361,0.133378094202721,-0.348064924473235
0.0778950526273618,0.401215500781755,0.246383197286699
0.133904280148384,0.000166779799216015,-0.653504885943211
-0.258380531725132,-1.36553913931611,0.423089214675353
0.554183839001838,-0.613971912642823,-0.562282676700089
-0.0979242083846383,-0.405126551120284,0.306714128818059
0.308511472707414,-0.0725221669632437,-0.439885575549077
0.0163822786189836,-0.440459219379769,-0.184453305543221
0.296859066418694,0.418772060707821,-0.437257765533428
0.326826710446292,-0.146449563368972,0.345791505145436
0.213791114203896,0.271575799346773,-0.174617489486314
0.231542168308904,-0.0430920659652724,0.414368466179509
0.0695203457491721,-0.241209592429584,-0.465429996479368
0.45895315712756,-0.283439884487124,0.732704219467687
0.164305576936457,-0.0489382087147698,-0.325123946177447
0.246256053918532,0.318064657019063,-0.377011603357102
-0.131833622246574,-0.370783069776379,0.19272923234083
0.172346046503871,0.217915691673213,-0.49969477473064
-0.316251719078855,-0.0249980418474082,0.73461752375629
-0.301465223366193,-0.635817054477439,0.522589677692082
-0.150695719101183,-0.0745452435007088,-0.435434983715584
0.0607794997907434,0.266598201362215,0.246320976116138
0.313411398538581,-0.445516011403118,-0.557154946333927
0.0321324910586928,-0.106110307704346,0.451016697929002
-0.0697635655102237,-0.382069780377335,0.281929663724302
0.131424741861845,0.246042827867515,0.137499671063681
-0.0908229090578183,-0.279395117758333,-0.783518469264421
0.205252240305028,0.360841155414153,0.735393805072544
-0.0628275549462537,-0.397753868529427,-0.113507758328464
0.0128758089308851,0.30596505039447,-0.24679161541404
0.12034720701698,0.138301707079324,-0.447261004742082
0.113580505596147,0.280047527393842,-0.331893554720337
0.183926315179821,-0.417622293111347,-0.103920429171961
0.111561322251477,0.190360883299671,0.339017480490949
0.019522996870814,0.260651263936044,-0.280178964101125
0.124785508344423,0.484809017152649,0.385062213295132
0.0609845720311234,0.303260137537159,-0.391313054894869
0.249190169943973,0.483029787257125,-0.0703135994326998
0.0583667218614673,-0.346411345425514,0.117835906496709
0.0718500846925437,0.150493735426844,0.279280197872571
0.344408441697611,0.685737674665853,0.117908104154367
-0.186763057374024,0.400097957928703,-0.510119200140926
0.459189745020218,1.15949578868575,0.592936750166317
0.0825479353856553,0.192129907821066,-0.42071073591098
0.206353603006728,0.352716872212508,0.0958130542372599
0.137683397157999,0.240242266987479,-0.246438777456036
0.0989435288933467,0.460408122042999,0.0451350004715419
0.0121776746181299,-0.261252165432876,-0.435595405696049
0.112293275021647,-0.565200122549997,-0.88977019384784
0.0969239260716212,0.352843677712625,0.397523802203817
0.206173895519135,-0.164122165458286,-1.30763823335828
-0.030801246866494,-0.102445586502815,-0.620824100722915
0.160628069528251,0.574516441088828,-0.494936813675381
0.26791730918657,0.475879821229008,-0.816319594567637
0.186468023710119,0.348536294061777,0.00609217499747307
0.161104493490532,0.330166396781463,-0.292513467155879
0.0685260162333205,-0.0836536557662137,0.345546722424752
-0.422318713883522,0.605147100102136,0.506689754114456
-0.0747049576843655,0.110109737327163,0.446234928248774
0.315794513584336,0.609490763783946,-0.167011527638766
0.301802560492183,0.480279357176696,0.238392329467534
-0.133942859023716,-0.248384550932984,0.312414031687107
-0.242980963738372,0.990617160303908,-0.538417614160211
0.3113839450375,-0.66830535257796,0.0298102469430054
-0.169580948760464,-0.240567693922209,0.509018427395778
0.0528723611322239,-0.556694300224049,-0.0916247295222882
0.210143519641478,-0.202286106760251,1.35947443252601
0.190920352021246,-0.557248630472101,0.484847798192908
0.0240872079517501,0.496574284181031,0.116505555655485
-0.0527159185394438,-0.0748896997084139,0.385244566783218
-0.032621796193474,-0.3897547209302,-0.00441299341945848
-0.0108579295935378,0.0452207572121042,-0.406901107374306
0.282282273015996,-0.286507780102251,0.458352787706813
0.146038047494416,-0.424091613389553,0.494776966075458
-0.681847302236252,-0.64920997141476,-0.105624443214365
-0.274999371257255,-0.217417317708846,0.437655214086274
0.349822037890032,-0.63586260161311,0.460929277068698
-0.121236778907168,-1.03145243709226,0.466199288195908
0.142813758065997,0.0221913164354746,-0.987060569032349
0.17109790510286,-0.238603204883307,-0.407379835567053
0.372820712182247,0.151870745483308,1.2435397891009
0.298066292513752,0.196184131830272,0.483011624837258
0.196176744015908,0.258993311697833,0.361801401451702
0.162923671891843,0.353978996600167,-0.163321358868581
-0.699313698832411,0.857769916936,0.360681662867729
0.0440056792978855,-0.0164365807176738,0.338249704476397
0.300395996911124,0.450894869737641,0.508560107642782
-0.39949133925009,-0.34939526547256,-0.462060251368277
0.00956845792198908,0.465640017112019,0.213015754011593
0.0764523749853868,0.066146606466084,0.330272416564236
-0.133720703625982,-0.126662782916199,0.89848693319244
0.138351341146151,0.201052381682139,-0.388216211578697
-0.0073407373688499,0.0544824906786509,0.424073067859668
0.364326018066518,0.218497400028992,0.470741384602981
0.0723947174339282,-0.230607780445329,-0.407247209199564
0.242398673305606,0.574093303835232,-0.496618008167344
0.100941380170103,0.435387287659535,0.0260045542077519
0.215958798597457,0.181882479208172,0.362634898632287
0.0650060442290412,-0.361991472936181,-0.218370199746328
-0.389055434646838,-0.386388698073337,0.35588789621464
0.341973473290943,-0.497819653588051,0.0558092045484237
0.0566009120170384,0.386221735053444,-0.0127165408660657
0.146572726820607,0.240031081046401,0.3002297596134
-0.137341954843006,0.741788193223741,-0.0187754879006976
-0.170133848630711,-0.642474925999439,0.0580457624468354
0.0576818034923516,-0.448143818314561,0.0824937848577474
-0.0631354468894186,0.554977818284912,0.0807122099533189
-0.363939594972451,-0.550385020935059,0.694229486301583
0.0649558923901814,-0.0629575551999408,0.548615433796897
0.131691208898561,-0.326358862250447,0.23730442843487
0.0809009857628444,-0.40287394089685,0.183770986255645
0.245202515504352,0.291151226270157,-0.278145474094478
0.174989309557607,0.0179094918246117,-0.33098651210455
0.298623798712917,-0.132203369823053,-0.867327401057361
0.258374981644019,0.280006993793377,-0.283598708237676
0.415989572998014,-0.554671722615995,0.323141767309233
0.114292272294785,-0.11921386869875,0.326462962585002
-0.107291661588991,0.213055312994667,-0.530126565466531
-0.652866620765527,-0.594939822554782,-0.650438830064475
-0.146665626923005,-0.531571611177183,-0.424581972709964
-0.0153797958246033,-0.532226369694894,-0.0527219732255785
-0.0945212499243298,-0.332049794121281,0.204270290431251
0.0910111971506897,0.314559717015163,-0.0635009348541422
0.132772648511864,0.018073048684412,0.341918128510306
-0.161554249745973,0.975694468339671,-0.870320284091358
0.232865711597633,0.469881250638779,0.108646463463698
-0.11453496286098,-1.01270685345686,-0.119073384158605
0.442823400049606,-0.432786209542515,-0.652943332403354
0.0375589889935713,-0.0295298739226856,0.409168405714287
-0.106928749591709,0.136497648549718,-0.496949511949264
0.0690311265025081,-0.225531472824607,-0.27043409664283
0.074542729197153,0.23233200241169,0.3879366643773
0.0990542839320509,-0.462875941266143,-0.849368037718619
0.0716214964341109,0.0504318777345067,-0.314391508031602
0.327381477965463,0.654973894520573,0.213827878344598
0.225195751556341,0.376194505461945,-0.205375761167172
0.260364640665138,-0.269082463663658,-0.544184798848412
0.102101450601152,-0.220812518997616,0.404016459942483
0.250836402895221,0.572175367013733,-0.76403168001271
0.215464316970462,0.294257994803484,-0.864752671231958
0.167101526139679,0.429967320329326,-0.715716279969059
0.00397961823843689,-0.405716580156369,0.193804084219533
0.0255385847437183,-0.395075430170274,-0.40956645044919
-0.100082767819546,-0.184689684601469,0.744791189174878
0.129684408073452,0.720988555387572,-0.163831675175129
0.163914791525207,-0.189875096735726,0.280482709543524
0.12312144462452,0.350896580630613,-0.0841031483827566
0.110495566069308,0.274703404050233,-0.104104825646859
0.0594681487524955,0.00251311098437406,-0.508022940194034
0.079197924610682,0.411610726691246,-0.298896301718565
-0.0462931102659597,-0.449358809830388,-0.124636672517537
-0.333195917392374,0.251884637891489,-0.571941158436086
0.269649918558038,0.283005139094782,0.451497428089437
0.105897633285616,-0.121473332646742,-1.14494682645733
0.192521245310002,-0.398389102817805,-0.028114852576409
0.340725633048617,0.343737742954177,-0.664497172905463
0.146954584347079,0.0730260406861982,-0.30611976347206
0.222045861042567,0.323607542101433,0.212859500839757
0.120359335663492,0.515090128427826,-0.337329283521715
0.133719143768864,0.219732948399746,-0.289255851137887
-0.22351909107487,-0.193382599493697,0.412712186943149
-0.296237646283071,-0.968591813334921,-0.0361107638240375
-0.0740189421772512,-1.1858623858625,-0.540042492598484
0.0235976904242972,-0.65644207551757,0.204715450186336
0.201948669306202,0.172225928241356,0.301321578036106
-0.155286395290582,-0.513087723599259,0.230582807738407
0.200244251021215,-0.175797009023901,-0.322676421546607
-1.21955100604562,-0.315877039800114,-0.364926300187299
0.049235854727182,-0.494913390429585,0.321576633955118
0.25164841977537,0.590191514195972,-0.142786500517982
0.0517302884746329,-0.168437706932276,-0.331734279741983
0.213036762066614,0.36823105959084,0.139471779174197
-0.10591003389111,0.224711288151884,-0.974731753852715
0.179431371495665,-0.209254126841821,0.331721086825864
0.138230859641427,0.373644468829539,-0.479879331141779
0.12229166654981,-0.11748177256791,-0.362967340464716
0.0941027521012377,-0.189442587867604,0.752413145197627
-0.0536262023575733,-0.629039029323702,0.570976807263938
0.142300368659671,0.364400486601361,0.232517814799533
0.101941320146338,0.0437785574477251,0.329756863421709
-0.117163497991494,0.0497948811614304,-0.430284726806853
0.0886309877377057,-0.186179204898488,-0.309533830347692
-0.353364728258627,-0.940641235749641,1.09479286593363
-0.439204689080583,0.17794690658906,0.572835534870366
0.316129659497216,0.550987750264488,0.69798314149842
-0.162700209861482,-1.38930074499896,-0.0610540121019113
0.230712827438755,0.246368542072544,-0.368398438219992
0.0737514210397965,-0.18152825827477,0.439893119399342
0.187972405116274,0.0179084971584201,0.348697008743498
0.169086298198636,0.26997758999576,-0.377312000211208
0.296019077807751,0.265425713011575,0.744687228951378
-0.182376738030714,-0.538064467265287,-0.331236441994655
0.454758919525784,0.682242200810035,-0.74967237387412
-0.0211876184991549,-0.359758797444092,-0.0391857968558213
0.391068101618248,-0.0152296872115502,0.625887977752186
0.171034622954986,0.275037637843345,-0.104993788758497
0.120868271521951,-0.389551248941297,0.123613581790186
0.16027454096004,-0.165341049065368,-1.06832261469914
0.0700471801161188,0.171281374262605,-0.289713309008564
-0.460933959076266,-0.414541253787528,1.23775957667906
0.272758627573978,-0.217499384663415,0.366149856134821
0.0910080965454421,0.0416437878205762,-0.426581075938692
0.0165721841107366,0.26178464863422,-0.257804374877009
0.0970345412713662,0.254623002254246,0.318683886162267
0.148137163472862,-0.00157267409661326,0.366663219671614
0.363655016607659,0.641461203480976,-0.0180511195773487
0.411740209736543,-0.429802531547439,-0.310486224397612
-0.301440117527515,-1.32213897016749,0.647032382706666
0.0990909519352191,-0.460288582842625,0.481152849674898
-0.0809289246678278,0.469476061583963,0.241486330336975
0.157001378218015,-0.178626518849193,-0.302973406922046
0.12186646261246,-0.125079072498462,0.33134052539288
0.17037002566633,0.297216861586858,0.755945621047101
0.191649281847712,0.212736089681454,-0.395877198794503
0.101773863088592,0.26376547706646,0.210967658978782
0.000821836025397925,-0.465688809988245,-0.0390275118754727
-0.0326548181431975,-0.278823430261031,-0.335408464830789
0.43527086111999,-0.635628934616671,0.454683340251717
0.207006108758716,0.414272900112826,-0.418403077412972
0.0300936152243547,0.127120466223058,-0.348173085859681
-0.0159818546424496,0.719895236218062,-0.123326779963819
-0.000288125158340662,-0.029159629352041,-0.377604678605765
0.0241020850297382,0.0745765892274129,-0.406568173733069
-0.171775787325227,-0.727396862514071,-1.11095137480151
0.359205455417848,-0.302276978809165,-0.435167733261849
0.0593527596309925,0.459701600823523,0.105274596310482
0.0197895709260078,0.272712225110481,-0.345474946826595
-0.132612051535042,0.186233186230048,-0.548468416378337
0.100115635690831,-0.469077872712878,0.515689394466775
0.0185080949691049,0.281617260046297,0.351355746447899
0.154525155333141,0.178604049933857,-0.241734432796926
0.203395337094808,0.333375968638803,-0.68788586428946
-0.0390620090600008,0.411028888193677,-0.398633565940716
0.104041421073406,-0.0792372472439518,-0.544432264047497
-0.215035815597884,-0.180067515502105,0.475093168873826
0.226106303046826,-0.0708688433179575,0.678149904749588
-0.0713471964932381,-0.35743004263325,-0.284942503467417
-0.151556056587855,-0.367558839010249,-0.157919184801548
-0.0693611554364963,-0.370651646105347,0.0274922905206698
0.121944266630534,0.314313857660763,-0.0109786608766775
0.123868629316882,0.924123276424289,-0.858512917467227
0.360498132997002,0.570354456728139,0.340302993955233
-0.251696419307825,0.76051992082975,-0.328729158407168
0.302900085676642,-0.393103964859839,0.397343577486104
-0.417830227218052,-0.832518244479506,-0.417722398574277
0.105637022252206,0.399499904974874,0.0509440493879161
0.0875769628610006,0.142974212259828,-0.275988474755664
0.352018231452116,-0.189098775112651,0.743255157093761
0.265372440229067,-0.15337630857119,0.470121245524535
0.0827155671070619,-0.469896021107466,-0.000559784545922277
-0.459803273021303,0.941696933960179,-0.550387724229043
0.283651802574778,-0.369122369397132,0.557408374188173
0.0767465756707241,0.317277080883049,-0.529308733211358
-0.0305982656559096,0.230800219089205,-0.33749119646885
0.096808249477117,0.258434125717579,0.159383917588403
0.0905945091660831,0.00370489334848594,0.428398100876861
0.119743423800998,-0.0963080397604753,0.336466498979495
0.191493359724742,0.22469723736144,0.211736841748737
0.33914665390516,0.342407133457705,0.402289474884509
0.234270913896376,-0.113568472174437,0.682338889114418
0.225343393072148,0.949551278202871,-0.0887966874299318
0.116736236140597,0.453293283675739,-0.412586038331316
0.0932849083111293,0.628176179054619,-0.163648981305546
0.202653477210214,0.0731089661220281,-0.720252215202717
0.130711922281104,0.161625918449334,0.608299157266988
0.327183027595119,0.865722127521412,-0.230567041732726
-0.0570866233117957,-0.489395842686669,0.82113572245553
0.11659710562999,0.115852721473421,-0.34710905041563
0.240284844909472,-0.78202075697675,0.570912604392796
0.0809303452176074,0.170755139502072,0.265620657396279
-0.323464407575105,-0.331256935856035,0.316896895507455
0.267527698284277,-0.0874262052106705,0.373887170366372
0.0688419864573327,-0.207920290015963,-0.445908508772826
0.255408075756145,0.401515537140374,-0.191056570739445
0.0499827195497727,0.0721412787827188,-0.732751980145601
-0.862406213636001,-0.127935326852692,0.529836196540887
-0.158538141976242,-0.0147634757895829,0.616943869532882
0.159388479575815,0.427590812346123,0.2512061669685
-0.0328029258323775,0.131046072594812,-0.485643674012397
-0.506954472690476,-0.327697028905473,1.2914814622846
-0.00617294275944437,-0.09567840680489,-0.504870731019681
0.205565814049347,0.379694925815893,-0.131200481971901
0.20648936399049,0.22386581814352,0.273762393348741
0.28020727781034,0.498184585287336,0.0826747236116985
0.0820921043024231,-0.0761356539790601,0.323344128171302
-0.00428152883656272,0.51887769842822,-0.767422098962578
0.211471860058533,0.0366443227238687,0.399780069279489
0.366934207068219,0.0861317071689125,1.25235534115989
0.16619925234261,0.291784322531249,-0.337836676560901
0.108765741946548,-0.32835269741294,0.282675725387599
-0.00424324148175137,0.111260211949109,-0.471015328372575
0.155414734751253,0.317815738641327,-0.17056518460336
0.0109906186611574,-0.57795243116703,0.192274983984117
-0.360361327094755,-0.243980444543495,-0.632663684173253
0.269283481305326,0.463516204721903,0.168531155970171
0.0176446964784927,-0.0182006724911155,-0.377908802239976
-0.113305898676703,-0.228333454449441,0.553643720643832
0.214463511528837,0.452469297170848,-0.526132572065106
0.473454814867233,1.2026965607904,0.351998089332269
0.110654901531656,0.431222862805542,0.338174982380276
-0.0829640501688943,-0.547820545808645,0.141502276748482
0.279494610823916,-0.0154282883915215,0.821011842858708
0.291606777518853,0.436527661583428,0.297186369533792
0.0670482260201718,0.0909102628371651,-0.40920670838192
0.219562838671364,0.296779366805081,0.332231975917838
0.136622936913953,0.165321760479148,-0.663825438958271
-0.0978900745158956,-0.947671570440323,0.278245211337864
0.0319908824992214,-0.172660005186918,-0.604031415893162
0.0879762936683459,0.319800834603898,-1.10859818282539
-0.021506177109837,0.568759135350868,0.578564261135769
0.227732066858923,-0.344604701349952,0.654667259504413
-0.904904140774838,-0.681928644787297,-0.777761438824992
-0.0933588083366191,-0.803757019302001,0.295299727789078
0.0855788794047937,0.194399800107656,0.352119864092493
0.300504514994098,0.814234413746654,-1.16132470131397
0.21192962334223,0.121436382819995,0.372824807179794
-0.0940421871367987,-0.491972493787991,0.357320915810725
0.140368463933938,0.167196884834214,-1.43830814922247
0.0456622117788152,0.202197593606973,0.437939115222425
-0.749087942270778,-0.193858316821531,-0.834737064312626
-0.161452750626,0.00795474793684556,-0.605360158461582
0.122963374291446,-0.225819945935248,0.386769642942545
0.085832820759827,-0.454608483867069,-0.446393792594846
0.166299751279282,-0.0536876012666872,-0.810409891534586
-0.257554949443551,-0.673682959451032,-0.0631946144799289
-0.280853996165104,-0.0707738273224193,0.558577980247757
0.0132909670898561,0.550223034493131,0.160676980668646
-0.115927428497691,0.269604608544151,0.428729075658454
0.183184315394298,-0.484337785769269,-0.418776480016761
0.16338718451689,0.0884717933746068,0.357930576826621
0.188445562916251,0.628704605381633,-0.277461533631826
-0.0577788378348096,-0.220997665736809,-0.546892055453239
-0.283598198624986,-0.604568577527492,0.341628087430869
0.0899777761551964,-0.234510549347779,0.308568795286186
-0.244646075713056,-0.646835249716378,0.147925721313697
-0.666710999957762,0.379687705964625,0.542399198339544
0.333058284448096,0.0651954195894906,-0.493026236470191
-0.468326552764214,-0.0333876407553064,-0.755472120723476
-0.0332659000238482,-0.214380757778584,0.321625247466806
0.226221504890925,0.858582813868699,-0.0268452164677984
0.102396085740096,-0.125686385170659,-0.393619249841799
0.422078608752336,-0.0717965287071345,-0.680680213751962
0.136623143471064,0.170637521820417,0.504382639753583
-0.193043786559926,0.224277696670751,0.665150345622341
-0.0453161340747402,0.0107532621582698,0.41046160240414
0.0894663251330303,0.257074692742349,-0.17875388478921
0.227236675516721,0.109186647689282,0.820126647161816
-0.052753738415288,-0.133738443468097,0.952254757345408
0.236339588406364,-0.0296042238392057,0.40997441301042
-0.139271108182473,-0.760119665417663,0.697128207907113
-0.1596636559705,-0.103551263011114,0.450190796901123
0.268353805797417,0.821834030602497,0.317084944276519
0.0303290812900655,0.529003166050281,-0.125616299561178
0.121724115618438,0.349165831756154,0.0645857010656879
0.329890378160575,0.913192982846895,-0.631648997679417
-0.168297294282111,-0.292495249291361,-0.328846930620583
-0.272509571168192,-0.553781121732677,0.544390317181455
0.191283372653471,-0.326733721356526,-0.602804730578476
-0.113798771342763,-0.343540416565127,0.238608408560434
-0.0459694886936814,0.821342227605415,-0.740759887581653
0.367868510986482,-0.430228716690111,0.242715470677644
0.201370258547979,-0.196412410403111,-0.481352494447043
0.363947595858826,0.973965069702785,0.149008494124366
0.00431983690083208,-0.527270646262303,-0.170566441762526
0.284273127384745,-0.246704523744599,-0.364257745051126
0.0126256688575802,-0.681651801314279,-0.556572396240867
-1.23924281802281,0.0505378829910516,0.842485736097375
0.443995190423567,0.163823711750513,-0.667881436785564
-0.0197133755911225,-0.408964229189779,0.100256598117971
0.00543244016938167,-0.301492633936444,0.268819157707797
-0.126397462305768,-0.100273427587003,-0.68396880077644
0.0888320889356529,0.144260912398625,-0.287856425381208
0.355283789605777,-0.267308614585917,-0.424436218460866
-0.233937376718919,-0.790593838824453,-0.525765125188782
-0.344236758026609,-0.177164751678559,-0.905549162078056
-0.0617549849610118,-0.294364049171209,-0.343354936801388
-0.125636908300039,0.389999663306697,-0.413056940333576
0.0145225925003846,-0.153878018888823,-0.733676453597124
-0.402437090832397,-0.398835446111516,-0.96538801808153
0.238155780981168,-0.292816490634729,0.545804861766865
-0.368386506767242,-0.00328535688274126,0.572211930487885
-0.123970588735141,-0.254661870744507,0.330868846506605
-0.127885545827095,-0.271049137951786,0.41498327706645
0.0953013163428397,0.27841602845024,0.143340361440013
0.221494499515561,0.23674342243752,0.395724628964178
-0.273532329027966,-0.382931142425634,-0.192703445174715
0.103077747600561,0.142599781933525,0.28611674240172
-0.352000640049338,-0.321439586087624,-0.498729479632147
0.229470198608011,0.299360625751122,-0.195094496233232
0.436169742476405,0.669840709058046,0.271107108376046
0.421956309749987,-0.409172889767578,0.04929025712731
-0.0338036894450584,-0.110977214062537,-0.374918669290758
0.109701194866938,0.249380461823361,0.500192711563921
0.130121794108243,-0.0927686525519155,-0.325449884091591
0.124062425996924,0.370642029126885,0.401421056036013
0.135459431047353,-0.241925295427842,0.310155749677733
-0.383664116707783,-0.141141328309935,0.864056300885471
0.215776255068884,0.491067880596269,-0.0602599791018244
0.134122410859643,0.0651142219098224,-0.331390957731112
-0.0289092122403092,-0.575301264962366,0.359048070362741
0.471207496818254,0.509232491046109,0.630971934516981
0.0457484322421826,-0.0468649387402499,0.423206874579922
0.136277348067168,0.223010157749146,0.178119752142322
0.0210002643685355,-0.019156727435553,-0.384319510532162
0.105982307815026,-0.0200017103597503,-0.723246909310534
-0.338777711226008,-0.265724617778628,0.392084796795988
-0.168365551261937,-0.768186076521007,0.423161250543518
-0.0893773122713769,-0.259762939334989,-0.35845210182911
-0.245156402475556,-0.263347536237253,-0.426620316800849
0.42622748995829,1.15867510108104,-0.646054707666853
0.0372650669211273,-0.19903201394285,0.411851210542332
-0.0838019207289888,-0.322180316755312,-0.381557922533832
0.0592690301478991,0.0425413940908492,-0.623752273625908
-0.624625671366585,-0.262802841620725,1.26130780562026
0.35470397457703,0.587206335010532,-0.582593954140644
-0.136869069836635,-0.298406173249973,-0.343026947288966
0.0642332577914889,0.315261295353347,-0.115477223902031
-0.179539227134104,-0.128973549343308,0.946170702456782
0.110310666318171,0.0523165859236911,0.324700326247839
-0.0671677493729396,0.161015751086845,-0.525585253432124
-0.01019186931589,-1.00679448484447,0.504383277897727
0.0538910575475902,-0.0606205903399893,0.493352017902067
0.150262158334708,0.408664936477679,0.223822734119674
0.0297418752885431,0.680383981213847,-0.237933412788075
0.115878832858532,-0.150759204789587,-0.494494604410097
0.0606459195831383,-0.372760687022254,-0.217607542652657
0.170478062134811,0.453441792243705,-0.0524516413857083
0.237450001640901,0.581778671733716,0.309645407958862
0.174291248437473,0.127122059611726,0.442674442110087
-0.2093989644374,-0.608706872854043,-0.113895898820515
0.106196782411017,0.221657490823878,0.30067410519237
0.0570794942255518,-0.423824143890387,-0.218785124134738
0.217021344707089,0.0429097060386078,-0.368521229035836
0.172902722736591,0.473363830236381,-0.627412667427256
-0.0583417760258548,-0.474647450153607,0.111554969532251
-0.0587998203403533,-0.517024434607754,-0.109425663293545
0.55282389352558,-0.737563991738407,-0.127786516007395
-0.117087899873294,-0.664574281472431,-0.399569880266085
0.130455438235393,-0.0589112693839047,-0.443926756510732
0.154993165291192,0.297275058496384,0.266366753571837
0.000161903888713197,-0.318695523785527,-0.248807723762381
-0.225897369817409,0.116471630417629,1.23706841352424
0.136613798184487,0.167261222060353,0.463794929716232
0.192539760871728,0.251099287571201,-0.22754637584718
-0.0885268536816784,0.0346665501311351,0.751485534871691
-0.343834982907837,-0.724237354263074,0.478550201790648
-0.274740577627158,-0.423265637199099,0.0844029482686242
-0.0601435029035089,-0.839338080566842,0.289169119545476
0.184313739144443,-0.316172234788384,-0.215145460625949
0.363300626411119,-0.266076010647688,0.540803339788109
0.445354654251891,0.452599606387027,-0.555181021449595
0.442571694380419,-0.48928448940829,-0.31688342552772
0.259720539487977,0.430750103852153,0.233529398810079
-0.0882901129203795,0.0924489304685815,0.718364019969382
0.0739495050444596,0.345898076008291,0.0355915419378814
0.123270508777838,0.281315495870724,0.12948371872071
0.0578806983067604,0.293453919092822,-0.940491487863718
0.0797457090418915,-0.505333284380676,0.644178267662916
0.187525972217088,-0.390410148498996,-0.319604204019095
-0.181265498402449,0.197353771233296,0.439865282785106
0.163295289434629,0.678644309567878,0.00726749572792103
-0.010963486067738,-0.473737964520613,-0.605526780879649
0.33087151646023,0.0127817147833926,0.524797947302454
-0.0731839355996514,-0.298689546480253,0.358977009917131
0.0394570459126662,-0.367107906651574,-0.147026220461893
0.0091524169081179,0.369141517512802,-0.258425884757467
0.138014765981322,0.0287615898852807,-0.869439803386564
-0.221437967540113,-0.000425671761132322,-0.588964367862797
0.377697209908159,-0.470087053272739,0.322899906089471
0.153102118435007,-0.368742326733271,-0.305179171068762
0.242995415409278,0.737502679489321,-0.102138639337189
0.299023113707136,0.115397969060665,0.388084044546283
-0.102199087425475,-1.0305065923691,-0.808750576345909
-0.0591733246594691,-1.0132651501181,0.792203687787013
0.0319477422956925,-0.417808663816011,-0.121105645780038
0.177620458141469,-0.419315407844334,0.337193931668607
0.0636960300320674,-0.278425343378121,-0.446354991253778
0.174651475368804,0.319546412177792,-0.00403319714173781
0.23963421066522,-0.0105880193440101,-0.596319305499328
-0.0037468747343782,0.00165595213390597,-0.00186742743557286
0.0012983121840255,0.00569446124623321,-0.00515741862384371
0.00419480771989754,0.000539850605749618,-0.00345934912261971
-0.000227838401115652,0.000935765507817447,-0.00816847965496306
0.00142923049256664,-0.00465490408204436,0.00131236554472078
-0.00635315461182342,-0.00530191578079496,-0.000309206987930044
0.00170076574833024,0.00240138793149908,-0.00355851167967331
-0.0109210218839792,-0.0254993797507204,-0.0173185519797408
0.0173377128746588,-0.00233396883907533,0.0324137984360795
-0.00413057022863292,-0.0103176125375081,-0.00499959339837255
0.00293369724841731,-0.000329271900165463,-0.00326687806284862
0.00407405669937577,0.00290175964225174,-0.00173514399798579
-0.012301500402158,0.00121920885405232,-0.00436753081728964
-0.00410043664740267,-0.00394150326074648,0.000725861987926025
0.00130645359024081,-0.00124825899501928,-0.0130878155950781
0.0105547356794635,-8.53278452994078e-05,-0.00518284430047662
0.00224991017678134,-0.00456774185012979,-0.000570131451947731
-0.00224565581704894,-0.00279172342643505,0.00292242769748575
-0.00174112702209874,0.00358213114761091,0.00342982264458628
0.000124581857750968,-0.00453429125039063,0.0050642156972776
-0.00509358359112342,0.00877211511616142,-0.00458849802940558
0.0278327203855792,-0.00418882240763834,-0.00275277482529176
0.0010834409659507,0.00500679335226807,0.00348883391872326
0.00524924180823342,0.00892715143651217,0.00145379002052582
0.0022520031050661,-0.00293303305971297,0.0044721867719352
0.00242421574751378,0.00530236487963584,-0.00378379659565908
-0.00086998699552772,0.0044172390873527,0.00333880237522214
-0.00330295823851341,0.00275017666025401,-0.00559062280822514
-0.00431957674988494,0.00365137402707464,-0.00135356935674463
-0.0143077172533505,0.0153839250581609,0.0120579533000114
-0.0102701955159839,0.0121020811231483,-8.61919158740458e-07
0.00544989692026485,0.00399625133534176,0.0103841260672652
0.0214510784655985,-0.0361861503956324,-0.0346053869236764
-0.00564665405672402,-0.00344948080500559,0.00167718396103503
0.0130034178378707,0.00558770776378014,-0.0012225226293106
0.00355666964136424,-0.000809416938710896,0.00461970313399308
-0.000649524203723628,-0.00608196603149255,-0.00450673038389416
-0.00438974013857243,0.00328811379914155,0.00184396336909399
-0.00319193157136231,-0.00358268071614753,-0.00218897675408959
-0.00391230122687673,-0.00751930900591331,-0.00867925264571731
-0.0071402693163646,-0.00220043808467007,0.0044266660653611
-0.00336087999059075,0.00141638542656867,0.00340369571768983
-0.0028033964637931,0.00412331152520172,0.00319366893545694
-0.00657656298840845,-0.00387141262511509,-0.000902509572824944
0.000527625744182904,-0.00249739467611251,0.00362954421218363
0.0024693023800688,-0.00296829523362181,-0.00204508475102448
0.00244858448418743,-0.00199451731349551,-0.00644518983217242
-0.00354629871584872,0.00825773672311043,-0.0038281135851204
0.0131219565656199,-0.0050339025896043,-0.00261982812570801
-0.00385657747442993,0.0046617341025834,0.00269907616172992
0.00236403615146375,-0.00136336969127713,0.0038474417389192
-0.00288801766080776,-0.00448679584793727,-0.000146411589208212
0.0103480453617481,-0.00435470493181673,-0.0106435926293459
0.00928656672875359,0.03667759134285,0.021935310447986
-0.000370273179426497,-0.00159482178175448,-0.00409039679017001
0.0045067416429594,-0.00239316670525691,-0.00412371435974075
0.00350955974687246,-0.0060616298641036,0.00775002142032586
0.00701026479884878,-0.00173635942080066,0.0003764243290087
0.00367959582411866,-0.00145593010306079,0.00366802399442091
0.00496506474078607,0.00275041780206697,-0.00540166975037753
-0.00123276996712051,0.0049288915837619,-0.000851297174484944
0.00997665009348768,0.0103390722486015,-0.0119229330897275
0.000338284344349399,0.00416453867036958,-0.00234684741912127
-0.00487264479189926,-0.00261818703006068,0.0077150472575284
-0.00650859486261551,-0.00212370070513119,0.0127926673560216
-0.0140836030006261,-0.000503714869175189,0.00265577836632099
-0.0031354050393607,0.00302564010518721,0.00873471358533245
-0.00356357595008035,0.00264542267959239,0.00109163949646924
-0.00246604182100225,0.00684262700567465,-0.00671525780524871
0.00522870830784768,0.00516315140325882,0.00268005828183903
-0.000698097969821442,-0.00331628770319897,0.00304806403557436
0.0016254640549504,0.00908257067369449,0.0169926011860497
0.00142532344661327,0.00459149029554679,-0.000243242084260219
0.000849678278612796,0.00641742595112328,-0.00119954462230412
0.00572321529364506,0.000498280123295733,-0.0120194112266796
-0.0018570616706248,-0.00354811493109099,0.00339484663473531
0.00833314583582479,-0.0162245082843082,-0.00577382651058069
-0.00192827273013081,-0.00233198477264899,-0.0102834017360556
-0.0071248642049321,-0.00143220668974154,0.0367914924561049
0.00411704032248776,0.0017814785183886,-0.00382547729702984
-0.00259964083743758,-0.00240183123434696,0.00414285242691464
0.000241199417763721,-0.00524615638207962,0.0066391379644994
0.000561467740485844,-0.0036586239729757,-0.00243718554776746
-0.00276003505177047,0.00802813739294965,0.000233018869771421
0.0205805384939149,-0.0046292072722222,-0.0024977136286213
0.0118432725948656,-0.01161630080903,-0.040135661304993
0.00643347615603533,-0.0130960458838737,-0.00272437133654201
-0.00916291491634008,0.0110340586372933,-0.00559824469255223
-4.10778338427592e-05,-0.00358536957753194,-0.00357006267019244
-0.000478399417413861,0.00395791835598325,0.00225571863994379
0.00419195670779355,0.00184042759678749,-0.000871300143926622
0.00283670723548257,0.00510604316056484,-0.00149159776971687
0.0170998240876067,0.00381428939463247,-0.000395243201290862
0.00183937474426696,-0.0040102169633227,0.000990900872496976
0.011730411596502,0.00890128005624944,0.00451077582378509
-0.00589878215511235,0.00201227331397519,0.0082843900750945
0.000232694827633173,-0.0128161918358366,0.00686105382700135
0.00459873599437722,0.000651756007027932,-0.00674185502603402
-0.000108362247213065,0.00552674785385007,0.00465076072939508
-0.00637751057160604,0.00276602162375531,-0.00276083918260329
-0.0130939300049734,-0.00859684125256692,-0.014041196306649
0.00193637779954697,-0.00417820191719088,0.00671869573891178
0.00302389225295061,-0.00108858995035549,0.00635409941864428
-0.0035705195423798,-0.00450021297940007,-0.000600755951078875
0.00296495612996813,-0.00259307199565285,0.00281743414525699
0.002010690834077,-0.0044087641277487,-0.00137407298436685
0.00389532409321729,-5.09793668023361e-05,0.00192803272391964
0.0037628673610799,0.00583682667360378,0.00116416968834108
0.00280436817170795,0.0171334048264845,0.00457867915651402
-0.0110219221952798,-0.00937695816743236,-0.000537044043800175
-0.0559555679651023,-0.249040489467774,0.155016656264171
-0.00362398264897329,-0.000628188081034266,0.00315796207751609
0.00619179767815641,0.000304101066962591,-0.00256087133032547
-0.00234735896501599,0.000234284190287713,-0.00631349517388086
0.00339503929939751,-0.0021377424627803,0.00409807472363351
-0.000640028786703517,0.00475757646705216,-0.000490951375003099
0.000745836998620352,0.00354972265833956,0.00534531380002559
-0.204375110857479,-0.0520161132777323,-0.0421699550105419
-0.000426293257316511,-0.00528252881622491,-0.00140485489886923
0.00115683405863948,0.00580052247973811,-0.00271304744254949
0.00270732705886636,-0.00651452141689282,0.00588631732387655
-0.00260165904920062,-0.000890785434505647,0.00431227246697714
-0.00317298691105861,-0.000117480963443923,0.00586488736537177
0.0019976419165382,-0.00164958701294218,0.00352467282730206
-0.0236747017249869,-0.0119810816432109,0.0187464180321161
-0.0132382913587835,-0.0066423283037765,-0.00148945623376683
0.00150142205380208,0.00515125609481133,0.00276534871536754
-0.0023041232847155,0.00385512080686345,0.000165007572433831
0.0109577375773457,-0.00530950781793213,0.00024439685684474
-0.00345253370761381,0.00502985862650638,-0.00740050258656693
0.00768222670675346,-0.0114123050041835,-0.00988038910598857
0.000831513755847577,-0.00467720973735712,-8.36159231341963e-05
-0.00508563754568365,-0.0043219883599233,0.00339908444819476
-0.000394938627608127,0.00138952598277862,0.00464833939963803
-0.00309040594716379,0.00596182902273553,-0.00184673124780081
0.00223552789371881,0.00397910806827356,-0.0028618035441623
0.00299549911637444,0.00333083898780709,0.000901509559566134
-9.16063463952053e-05,0.0049516722978075,0.0023043750624116
0.00155903482266511,-0.00220024690445118,0.00773214519532459
0.00106404664626536,0.0114155324380758,-0.00130018017936469
-0.00102433296406702,0.00398663768608568,-0.00793556866349771
-0.02049274096453,-0.0150109502099086,-0.0198046415618672
-0.00725894282210321,-0.00214483389664994,0.00256815396910639
0.00478460667905601,-0.00113418766614611,-0.00414949096268855
-0.00454008377852706,-0.00118143698543547,-0.000522702135392038
-0.00179547037451771,-0.00237197469089399,0.00574516153527232
0.000614347098076768,-0.00802366357142534,0.00656144237399246
-0.00707698622189369,0.00528080636713654,0.000619944805347652
0.00767957681500403,-0.00397253751803728,-0.00273642297739629
-0.0023137929193559,0.00247900710464454,-0.00404308164561996
0.0106254913095199,-0.00111849989282497,-0.00445541301199627
0.00724973263592309,-0.00528354235110998,0.00653962355514207
0.00251900309656431,-0.00230598092524208,-0.00450699030392746
-0.0121514126676686,-0.00161937308924942,0.00762145735770542
0.00462514375747932,-0.00501051862773658,-0.00667611464399333
-0.00118726453041018,0.00174114640507209,0.00914728888856355
0.00319351316744157,0.00247761164572958,-0.00701178757185828
0.00535986046697478,-0.00336096253201806,0.00132183573846624
-0.00759451069773276,0.00397150522222707,0.0229686708078841
-0.00354625781254654,0.00154387431762467,0.00968605063734792
-0.00139153756987593,-0.00501948148312188,0.010030737660174
-0.0096125642713736,-0.0167368801842028,0.0159369822898486
0.000160714344089622,0.00362805211292844,0.00295898822543148
0.00640867315728876,0.0117026170297748,0.0024143123039594
-0.00289663197002628,-0.00367052375633431,0.00042266900844231
-0.000874451256205324,-0.00855131795750391,0.000493491600364257
-0.00439480300093161,-0.00169057387442706,0.00108112922468588
-0.00182865345996237,-0.00402608304105692,-0.00377505472571914
0.00508140870950176,0.00253156042926096,-0.00132418536133227
0.00303949202320232,-0.00285309704956167,0.00122666364535719
-0.00233178731655025,0.00228306822971048,-0.0047070223691148
-0.00245012885027988,0.00597863193726768,0.00204932567513726
3.60067021631302e-05,-0.00161830163436368,0.00473396243414558
-0.00548123186188196,0.00280778864682692,0.00169588922643829
-0.00280746153439676,0.00224830798704615,-0.00311097535547594
-0.00449216857780064,-0.00415255026354952,0.00405710105345329
-0.00236136564706621,0.00316788268650452,-0.00328685496160592
-0.00662903113956368,0.00377188182317151,0.000202228041800003
0.00530564890936829,-0.0196791225799228,-0.0127836632049214
0.00432476998746779,0.000932810100654452,-0.00108219478709444
0.00288747932733515,0.00355111880397808,-0.00259247277078358
0.0112278058119412,0.00598466753303511,0.00547519911032444
-0.000974298773629944,-0.00189819536209041,-0.00677348825894002
0.00380638411214912,-0.00323395822504419,0.00261759262120895
0.00338092763138491,-0.00750305175899282,-0.00116939559677586
-0.00431724866268274,-0.00209988371917262,-0.000666503379500132
-0.00123852487872657,0.00867454667626629,0.00187899191534273
0.00422006823652423,-0.00134931701513634,-0.00225175344412475
-0.00328020976659072,-0.00341870410501259,0.000931159815319173
-0.00232269464841495,-0.00439630547282355,-0.00107470567674576
0.00219476323516205,-0.00172757375769043,-0.00360944506669621
-0.0105592668587803,0.00176572940347761,-0.00348579863498015
0.00594383152378499,0.00495334397680117,-0.0122022991314843
0.00922250977731382,0.00297091623498349,0.00142946569278079
-0.00165122118173858,0.00114933364684952,-0.00493790082664421
0.00423609438804618,-0.00349874856895715,0.00714555200714828
0.0200544949388674,-0.00423841662309728,-0.0191440338741625
-0.0321248154731281,-0.000767664558437139,-0.00717821847484599
0.00335342734262796,0.0010369888866477,0.00505147147581595
-0.00446718337571149,-0.0095766309240562,-0.000963170086264408
-0.00208147824910175,0.0103303264754127,0.000562789715616007
-0.00791370485146533,0.0394558892450117,-0.0131888356743051
-0.00732224435360315,0.00504329031607241,-0.00389174303996149
-0.0197676317461163,-0.00761259953753449,0.0188932991925082
-0.00163601889962235,0.00260706317440281,0.00356880748123729
0.000812151887219231,0.00204504540423234,0.00749197986970355
-0.0109620165095581,0.0120430684141141,0.0180654214810796
-0.00491188674521929,-0.0025098320659486,-0.00377690779395905
-0.000542027725288584,-0.00482935595259683,-0.00291193912206306
-0.00627427752161866,0.00213664858527502,-0.000413415094712315
-0.0107918975835346,-0.00398484597898409,0.00855401981117523
0.0076195046519926,0.00635775641149875,-0.00643139791574854
-0.0351888134850586,0.027239438225057,0.0195345258242637
0.00441362275331442,0.00117989384190901,-0.000839458876709282
0.00475694420714893,-0.00820954082914675,0.00127328947071018
0.00338111363661153,-0.000179133879956408,0.00476700295835917
0.000275170870569623,-0.0441014378375362,0.00831744556314445
0.00552999947573041,-0.00797447853676271,0.00343515586033625
-0.000928190000854181,-0.00280323601886363,0.00336658276420637
-0.0119836638679134,-0.00568836556226209,-0.0178267300810104
-0.00222374700830737,0.00660553299418277,-0.0066380035250613
0.0067075448944519,-0.110171171276091,-0.0456612727238573
0.000681592584960766,0.00353586938709303,0.00399253069606954
0.00750592306733077,-0.000574418689301679,0.00271633443652103
-0.000787287237817901,-0.016942878125168,-0.00673120252278247
0.00583540049367994,0.0224968324163953,0.0011690234671651
-0.00317130594850127,0.000976277897326756,0.0046623414977539
-0.0125108127096328,-0.0180176203698282,0.0101484146056156
0.00129460303302327,0.00343986668946531,-0.00468128902390884
0.0151570053217415,0.00654475710405101,-0.0164069680648779
0.00569609771311177,-0.0236740699265637,-0.00818675870851997
0.0124945925979967,0.00364540863000706,0.00887792935323691
-0.000545319729936799,-0.00539688561134207,0.00221540964436979
0.000512550147160063,-0.00988416486774547,0.0030653993422325
0.00186099281572408,0.0118522637649954,-0.0106522901648475
0.000579398556017915,-0.00180809353347806,-0.00429574630579516
0.00442674869776273,-0.00787466168689304,-0.00246276362563989
-0.00402324818836759,-0.00414605173896397,0.000577720094069959
0.00381766475869044,0.00319148377304533,-0.0012467648101375
-0.00436321100751125,0.000440479098333344,-0.00528378707138174
-0.00584910697491389,0.000107046597572679,-0.00186420678921569
-0.00139779473406735,0.00224299435343002,0.0043998608354348
-0.00257843349027174,-0.00847865188933932,0.00603098207566827
0.0102636558335972,-0.0664015947863033,0.0566221720367977
0.00188396945488489,-0.00450295249150123,-0.00071727071062223
-0.00293375393924162,-0.00367590139688457,-0.00106667442579855
-0.00269137609178715,0.00447824997734258,-0.00256843200529062
0.00526031680046714,0.000129537475643361,0.00223200980133192
0.0039054579285636,0.00214098797559644,0.0026990837318591
0.00422655098664123,0.00145700619276775,-0.0030276680763716
-0.00263144342161319,-0.00526405538691432,-0.00197019486272027
0.000211069121041321,-0.0106529603908495,-0.00136404456356543
0.0034915335678302,-0.00330444199047117,-0.00364416356168597
0.00182260745246404,-0.0160764654858738,-0.00648149875518916
-0.00557957899937617,0.000779622762814358,0.00104371824177725
-0.00380226461380024,0.0027265399615098,0.00302275567869679
0.00938116104169777,-0.046592376145714,0.0297269761624502
-0.000359348438150995,0.00231110877524372,0.0041298700530225
0.000163772570114157,6.24084595596209e-05,-0.00540833746739438
0.00781913178007312,-0.00390461349612648,0.00193340781566781
-0.00837046921729338,0.00618953386480163,-0.00276288095851603
0.00258801599240961,0.00226889007985736,0.00613836665806635
0.000874572488672493,0.00287561600217305,-0.00528000051438718
0.00045780398570002,0.010997524479634,0.00729526343801262
0.00293671389143519,-0.00704744197519418,-0.00410869657389503
0.00463033318961762,-0.00235444222621182,0.00213553458617778
-0.00402386567613752,-0.00188388088218846,0.00117188494749548
0.0155759149092107,0.00869107999618503,-0.00280133474680206
0.00389599298405601,0.000564569260600427,-0.00234669815513678
-0.00208605848432015,0.00174102296589027,-0.00486646745527515
0.00447485898489225,0.0009267864978838,0.00226672606148918
0.0014226320865596,0.00379424138692834,0.00214250969940014
-0.000231219181331802,0.00036406929954203,-0.00702984281432303
0.00183851529348097,0.00131300721351525,0.00432812785949989
0.000866948243209645,0.0046863542319883,0.00182018560944996
-0.0017924346305751,-0.00214769484742043,-0.00445360293594427
-0.000627006098060412,0.00368614068797658,0.00374699403459825
0.00190937975087161,0.00475724357484522,0.00573666075505882
-0.00146014883456047,0.00296052638506857,-0.00407233067928234
0.00794697967888544,-0.00586891550403078,0.001551251848687
0.00136480407377444,-0.0048216542227196,0.00226923292644635
0.000939749473015321,0.000638876694271791,-0.00421629148646377
-0.00545612562585467,-0.00151731378921391,0.00115599045376925
-0.00934345453691873,-0.00790005491817744,0.000631825999749426
-0.00334271634688896,0.00804341063162786,0.00136220052445709
-0.0011318283899767,-0.000322031355767131,0.00542072734296645
0.00417355862259409,0.000941165303353467,0.00169796864387672
0.00102414777967102,0.00503149159511674,-0.00608905750926311
0.00118242756363654,0.00829280831899558,-0.00424529040957291
-0.00730679823188319,-0.0042297493970424,0.0015879204454404
-0.00190631471155897,-0.0052442566509468,-0.00105624689594765
-0.000896723604056751,0.00434216179719545,0.00533142272094046
-0.00209836126504069,0.00244903162294158,-0.00328720629339179
0.00413764072797848,-0.00169489404409024,0.000817282133167449
0.0022460733056822,-0.00371630018819645,0.00252645724260307
-0.00172504044710182,-0.00453922851453331,-0.00060627736318669
-0.00924329257602547,0.000603733718258352,-0.00527811849326766
-0.00854692829710306,0.00113980017556413,0.0010784829377939
-0.0035002277717265,0.00801368269005989,-0.000771684839054369
0.00656483774913889,0.00206527553862566,-0.0074400118667533
-0.0027618816580773,0.00356513943319051,0.00122223085160748
0.00213728900328499,-0.00316490190647164,-0.00329430163510687
0.00179176091719099,-0.000150095626723022,-0.00436068931552556
-0.00448048338930177,-0.0045184001837617,-0.0129903286642448
-0.000578480093116734,-0.000110100895702645,0.0062349643469042
-0.00062647336470251,0.00472422750334219,0.00223958210391824
0.0157991951586363,0.00775687069472782,0.0417105784485852
0.00500144339157377,0.00267065090305018,0.00263770595477654
-0.00166554843028865,0.00481832975806899,0.00294989923413865
0.00517532143344747,0.00308793913092272,0.000175883023017849
0.00258651247879463,0.000578862746844309,0.00430563694475241
-0.00196392038631146,0.000112793307434519,0.00749040094492861
0.000277531171197817,0.00283005843811812,-0.0038910375572252
-0.000798635232659593,-0.00337558569442975,0.00404851880197824
-0.00445197979662406,0.00538123907258423,0.00126233122478727
0.00449975595749418,0.0009983763040463,-0.00279925729878526
-0.0139098258741017,0.00602714020611057,0.000837038539271992
-0.00210304489902627,0.0035059538991055,0.00517326996627562
-0.00615506158096356,-8.93730775180428e-05,0.00462201559625008
0.0132199686747355,-0.00952109230042053,-0.000683847437319448
-0.00874512453426609,-0.010544285503552,0.00838964018623907
-0.00632654564615796,0.00390318182028229,-0.00394768304454031
0.00434818632013225,0.00155200549556031,0.00148814368550576
0.00114875895929872,-0.00231435855856111,0.00583183555463832
0.00289669815674169,0.00399402287855096,-0.00918045304827037
-0.00901478531756327,0.0029368470050279,-0.012710255461892
-0.0684306866310526,-0.0997541139302286,0.0357276066748778
0.00132757265659611,0.00295164804172541,0.00329077068929395
0.0152606059878158,-0.00665999216055378,-0.00173306145127196
0.00057982408701054,0.00101906652649045,-0.00509298284565096
-0.000124870641706073,0.000698604905932674,-0.00457878250933886
0.0067405369379699,-0.004496295928724,0.00150014020512513
-0.000729186533794838,0.00228985813636927,0.00407338605590766
-0.00110246687026847,0.0036087083166176,-0.00524037845511633
-0.0023139916559702,-0.00386066317263345,-0.0025246842546037
-0.00181898835357947,7.50391022884691e-05,0.00447731622257579
-9.35548422520753e-05,-0.00418492610982743,0.00273561394020452
0.00313016037537379,0.0020263341539574,0.00393953379370237
-0.00153936623676312,-5.4921121893561e-05,0.00573081087636745
0.0079771968924103,-0.00213452877851592,0.00307681031885562
0.00558253495844884,-0.00225409832831192,-0.00225369730863779
0.00494021515726667,0.00413140243427758,0.000754137729984421
0.000286124751131202,-0.0047373631478383,-0.00188031116467537
-0.00388190383239509,-0.0102861670365015,-0.0026994629489003
0.00154394648829392,0.000138377159218157,-0.00421286802605813
-0.00318459590772837,0.00341132298666228,0.000876285304652135
-0.000233727387894964,-0.0030315324106109,0.00374031517872009
0.00161919325320441,-0.00172904854825322,-0.00910107690906001
0.00119293799755449,0.0033357521835324,0.0098346518383821
0.00729238154162527,-0.00105966714353439,-0.0105266451639059
-0.00414388689653324,0.000600703354520271,0.00552509633544481
0.00091018539135111,0.00552889272878534,-0.00164393493028085
0.00757893793492178,-0.00911874812404326,0.00159021467042078
0.00229733677784195,0.0039344773492457,0.000608157771050302
0.000478560144921789,-0.00493748583074372,-0.000797433843859749
0.0298405220451252,-0.023788404429703,0.0015118968670989
0.00128312805545,-0.00466981571636072,0.0035415076566368
0.0149768098537991,0.000910935355102458,0.000591666601251916
0.0010899959921639,-0.0028232143690088,0.00424324683651932
0.0229672808715972,-0.112906087730567,-0.0483876290327564
-0.0162968413370605,-0.000544771670486778,0.00581309624820953
0.000103406961158683,0.00572437924214784,0.000287508298111141
0.00132575331635448,0.0101435007069104,-0.00782466529947704
0.0147530544303862,0.00736125355848322,-0.0109118024826755
-0.00360554428915013,0.00123074151476192,0.00363169894521918
0.00265567545170232,-0.00261071242835342,0.00372689646369219
-0.0204228001445702,0.0130445933853113,0.00570746196549685
-0.0588135281444759,0.0378821567520149,-0.0848209369254752
-0.00020370129857635,-0.00243040675355686,0.00657590731948196
-0.00477686702295585,0.000415552903347075,0.000861677825499477
0.00304567214714865,-0.00532021953650551,-0.00536158741033193
-0.00352982321241101,-0.00133909014676042,0.00418435700451825
-0.00325464692352992,-0.00315395132092535,0.00259075648109832
0.00151773001384678,0.00575590838718657,0.0223967518677594
-0.000389039727440143,-0.0041576915133888,-0.00251585707821723
0.000777634591737253,-0.00174417338873169,0.00443473295859477
0.006931741748583,-0.000733251589907279,0.00105033241174454
0.00601569226301314,-0.00300249764259481,-0.0055254229158187
-0.0110377463989463,-0.000397992866559014,-0.00119275492854664
-0.00604404974506106,0.0021029159669936,-0.0012810151581345
-0.00417067139952363,0.00203645672633139,0.00507662939950158
-0.00243186161936132,-0.00415163453291382,-0.00679740437525119
0.0116265230810752,-0.0027788720312443,-0.010853066455365
0.0076815428546835,-0.00136350815987548,0.00777297199492115
-0.001197889967223,0.000610923496231164,-0.0056335130765096
-0.00442078182882664,0.0033655550451851,0.00253985283524531
-0.0111934424395322,0.0009962438514309,0.0122262557132872
0.00274089097466209,-0.00544950272545656,-0.00385920294659458
0.00445640775335559,-0.00176603661280468,-0.0013093614561913
0.0088236646541805,-0.000371224976179455,0.00325890526629046
0.00542742817125715,-0.000855879495212087,-0.00109136310198375
0.00288504102698775,-0.00109560945809931,-0.00538638162107216
-0.0032007637884042,0.000235198184479671,0.00393761226554314
0.00302448084213977,-0.00360597531693483,0.00237273102061878
0.00254028858370016,0.00520265644151448,0.00530313490402107
0.00038483261134642,-0.000540465156225056,-0.00505433662710809
0.0132277630452787,-0.00973906101693293,-0.00589929277812889
0.00361703757786705,-0.00623372295897683,0.00147108337859541
-0.00101826620098261,0.00553526765950947,-0.00706934300655068
-0.00352319926454337,0.00373572141715598,0.00138023651023255
-0.00415280799754304,0.00337275301747762,-0.00348527253642658
0.00724100898763492,0.00519447469082412,0.00205995828935062
0.000708063502915633,-0.00312570680047412,-0.00718812508868505
0.000750678070798835,0.00636522898582689,0.00346297265519275
-0.00157258456276542,0.000581363968651034,-0.0060946681653913
0.00133084246269408,0.000696716287612098,-0.0048947417167082
-0.00397460192181355,0.00218337230074429,0.00380232624456415
0.000569185607064943,0.00754801391785394,-0.0028132786125701
0.00416103124199784,-0.0020437982581266,-0.00063921648542586
0.00533953710599264,0.0177604179293759,0.00181455139568505
0.00371868044845609,-0.00548370043318198,0.0125411557601131
0.0213297286622896,0.0161768044597579,-0.036491543773736
0.00316512115723765,-0.00321900538451762,0.000134006520391818
0.00248029072464573,0.00719200630165725,0.00171121919121865
-0.00177949097122578,-0.0038600472525933,0.0142579434054221
-0.000238260435777299,-0.00119606391694288,0.00467883816838189
0.00369611287600426,0.00594570055228488,-0.00230058375400676
-0.0290992407575283,-0.0121315146700625,0.0263419535633499
0.00734658258865311,0.00362001406749089,-0.00312111430158677
0.00345167647138361,-0.00194428112594193,-0.00288248008761496
-0.000396189268064403,-0.00403800221485294,0.00297300784334883
-0.00242500563602716,0.000224846061710947,0.00402372570310273
0.00257846793852724,-0.00618579208056087,0.00378761200247222
-0.00480685380967173,0.00661083514061225,-0.000724158167662312
-0.00251810128855861,-0.00224314426565337,-0.0067296532259512
-0.0115982999022814,0.010883596535486,0.0101176861075584
0.0161565544861144,0.00122934907301281,0.00637272729339627
-0.0047627883351256,0.00622787588514841,0.000118210847980291
-0.00422296193209809,-0.00168394243285647,-0.00132666558879069
0.00113644008150661,-0.0023040832232656,0.0042728287444136
-0.000642366512662848,0.00184708302984008,-0.00446437472412124
0.00088578512938386,-0.000395705843927325,-0.00449442241048566
0.00293279686816505,-0.00347334072620972,-0.00247286234461954
-0.00284031767628736,-0.00339592439937765,0.00140647598160067
-0.00616176410391469,-0.00440493724298026,0.000723163478317999
-0.00201444344755659,-0.00489374198465959,0.00162048282779388
-0.000603607824903115,-0.00234953731984446,-0.00497379137034106
0.00523474642968047,-0.0133908606849938,-0.00216599242727466
0.00458360783777681,0.0005557227218782,0.00223824576751911
-0.00513043840984746,-0.000658126033467737,-0.000453339504750158
-0.000129277167171383,-0.00373235678896959,-0.00374445933620985
0.0140610902750172,0.00183719188612087,0.0061886226330205
-0.00518139733175392,-0.00247570281678384,1.66171438682648e-05
0.00425098774530048,-0.00307426950084075,0.0020569145585956
-0.000105251736851996,0.00470716702855959,-0.00068566714266802
-0.00420481240699354,-0.000373865037275011,0.00166843381549915
0.00111031740646258,0.00596219870219464,0.00387670032140897
-0.0129959522088012,-0.0130891988985376,-0.00307686519438538
0.00443133847137847,0.001371971780935,-0.000871288407438034
-0.0035581264827314,-0.00269444213375601,0.00101804908186559
-0.00450505597926412,-0.00926559139584905,-0.00330557936130467
0.00167262379257918,0.00557599920726398,-0.00028782056093431
0.0242170304621163,-0.0678682049274146,0.0144038618358874
-0.00449460059433186,0.0010633164926354,0.00132035270926288
0.00477417574476817,0.00236155688474435,-0.000939868626782834
0.000911026331321126,0.0036335302676873,-0.00225505915078955
0.00322857159663895,0.00741993106830705,-0.00131388023708552
0.00573108018411659,-0.000806450405156149,0.000967149820520571
0.0072035967782733,0.00870564152564133,0.00701977653403447
-0.00615117424283324,0.000639993396909157,-0.0054045162045343
-0.00196425807531861,0.00906589343745623,0.00799413031181028
-0.0457901182757144,-0.0242546358776303,0.0659784583990036
-0.00314003266573642,0.000529617196111401,0.00628183062329529
0.00143537491862866,0.0028149222271753,-0.00470323522186023
0.00256771519402722,-0.00503128725932292,0.0036145695216087
0.00417056840020733,-0.00312966388263195,0.000749872463665014
0.00335673467684251,-0.00282584296699902,0.00181547800075804
-0.00355894754228591,-0.00565455845600591,-0.00850791750431298
-0.00524028941347556,0.00279860446149155,0.00173379862878666
-0.00201983716180182,0.0043033499277341,-0.00149146878992114
0.000972801672330472,0.00578409183530252,-0.0058664758936573
0.00658397182185613,-0.000981417654607005,0.00408946098032944
0.00381755576520753,0.00233475175259364,1.78953048331328e-05
0.0154860623386438,0.0161836206502906,0.013472778935732
0.00421889874181898,0.00113389410550555,-0.00429277476901301
-0.000718811040058294,-0.00135172801716387,-0.00419610989301153
-0.00581621263249205,0.00615859331450609,0.0185252292618441
0.00181705894160118,0.000991801950203519,-0.00384977409315204
-0.000575043887806537,-0.0048223338802946,-0.00337117129855841
0.00325584284035858,-0.0023334160045481,-0.00203443351166568
0.000342651180777154,-0.00595193057354271,-0.00358096928254145
-0.0097770876396766,-0.0057219187261422,0.0113526861568279
0.00263384523079749,-0.00496554842457742,-0.0047497589036649
-0.00443178346623175,0.000345316335645935,-0.000713229816101689
0.00183344967667304,0.00219631226947277,0.00432671722533393
-0.00350757623454007,-0.0152209437858189,-0.0233698765847079
0.0048406566404987,-0.00564316037388529,-0.00272930332737549
-0.00254263307895372,-0.0018796530453855,0.00446869419356942
0.0060469205541619,0.000481139558569231,-0.00140580503490303
-0.0138017241357786,-0.0104080955251936,-0.00237200459408992
-0.00181412771114022,0.00323781348941395,-0.00469998588206822
0.00379165520139857,-0.00186351207754391,0.00520256406677965
-0.00411322389712258,-0.00273685933451999,0.00215555888083562
-0.0127008725654215,0.00255338985182813,0.00203608286312235
-0.0617042571116511,0.00656780656815643,0.0280837743030059
0.00510605803570856,-0.00070676193592038,0.000260549473803836
0.00337588199696775,0.00107298317133514,0.00251762279839194
-0.0124794775839024,-0.00591632688452918,0.0121937680974276
-0.00617463503398879,0.000370313680395393,-0.00548500924474811
-0.000444683654998039,0.00244007557443517,0.0044336346049033
2.1400034787158e-05,-4.47252703715618e-05,1.713161078053e-05
2.50143173978305e-05,5.58007389046341e-05,-9.15670009780503e-06
-4.75657906540166e-05,-9.11161851466979e-06,1.67088009259066e-05
-8.12559398820129e-06,-1.59073938675477e-05,0.000128725019451604
-3.75202294306443e-05,-4.45130977021928e-05,2.54686370357671e-06
1.74968537074105e-05,-0.000132147048206613,3.62231971284166e-05
6.493200083955e-05,-1.61670438201588e-05,6.3395578963153e-05
-0.000165810879736024,-3.75315539061754e-05,0.000175803577678976
2.26772092355291e-05,-4.27093924246712e-05,1.46604966226496e-05
-7.42378713359771e-05,-0.000105863365464388,6.69663011422179e-06
-5.68278316778115e-06,-4.38602571947094e-05,-2.68474117974243e-05
4.26737335979659e-07,-5.35088920621891e-06,4.76221656897921e-05
-7.36764595898171e-05,-0.00021521944921774,1.86006347978256e-05
4.08274992145737e-05,3.46285763570806e-05,4.52717016760597e-06
0.000126826523659595,2.39839680893379e-06,4.53850298731697e-05
-5.73439503956549e-05,2.38671675955159e-05,-7.45083330288655e-06
-3.61562228347465e-05,-3.5190810254902e-05,-1.23930147084048e-05
0.000151243685488084,0.000109487086187373,-0.000124832640854835
-1.86426773268414e-05,2.05311088420697e-05,5.14158950981101e-05
-3.09116732763613e-05,-4.49945170828668e-05,2.01546421628655e-05
-4.80107567443403e-05,2.95755961642643e-05,-2.86989478001051e-05
5.96596468084868e-05,-4.57482949674905e-05,0.000116720157928067
1.60051454268533e-05,6.2892627738078e-05,-1.10333429916637e-05
-5.97642984088311e-05,-0.000117487632727698,-1.56266597418876e-05
1.86105577086404e-05,-3.42890486478179e-05,3.43752793017495e-05
3.7417196816777e-06,-1.02021362872353e-05,5.01828373500775e-05
7.8573427010756e-06,-5.75376460621427e-05,-3.51341089574044e-05
7.66913622827485e-05,-9.76531168441273e-05,1.16568544818651e-05
-0.000120665854056776,0.00013081300722417,6.1088439052209e-05
-4.10722834649207e-05,-5.27274894725681e-06,5.6642911519439e-05
-4.45137487059685e-05,-7.7839241613316e-05,-3.31484307499604e-05
-6.10548905348433e-06,-4.28046029887513e-05,-8.60402817428513e-05
-2.56168759441364e-05,3.77237285868911e-05,8.12532910679757e-05
6.10870476323677e-05,0.000105612729708703,4.21923239887415e-05
-2.36547531532709e-05,-3.01796815202374e-05,-3.95710506835564e-05
-4.08999681592457e-05,3.73897526064992e-05,-1.09511576307129e-05
4.54616670923321e-05,-2.05266683833883e-05,-3.23029750263598e-05
4.07456914449106e-05,-3.63200894879862e-05,-3.30355639060014e-05
-4.4122524831814e-05,2.81087601007107e-06,2.05262419600336e-05
-7.43966570532928e-05,4.64375029160527e-05,-3.60962619999137e-05
1.01147079049646e-06,0.000202932412115324,7.87773065211184e-05
-2.65455046910524e-05,-3.66489729170673e-05,-1.16404360873429e-05
-3.53028037846827e-05,3.58156921249831e-06,3.12116542734548e-05
-0.000287608260822451,6.87641041907063e-05,-0.000361998489872212
2.03595621058462e-05,-4.18854362626933e-05,-1.51971364777644e-05
5.50131154859491e-05,5.33975455093647e-05,4.10530788109148e-05
-2.36617039337863e-05,4.37239459203741e-05,-3.95975151084097e-05
3.0914123079843e-05,-5.08027565299108e-06,-3.12502925373111e-05
8.00269983368699e-05,3.17410930782279e-05,-4.70817428369679e-05
0.00010032287570999,2.00984511350546e-05,4.69363681003964e-05
-8.17291935250274e-05,-3.22206821919749e-06,1.07245999496068e-06
-7.89140283091209e-05,-0.000148024903259271,0.000148521504926298
0.000148420165208534,-0.000266706244110567,-6.63341363679549e-05
6.3052711124617e-05,0.000388690223250921,0.000294484021711282
-0.000107672090751445,-3.38243541448505e-05,1.249563658397e-05
9.85181755961221e-05,6.21734363595535e-05,5.12605379411417e-05
-0.000116996871453023,-7.00412513095617e-06,-6.6074487536282e-05
-5.46082622877344e-05,1.67433090274356e-05,-7.54070673137169e-06
-3.5499008971495e-05,-2.89874339058221e-05,1.10686928279437e-05
7.62617644393853e-05,7.3695007391395e-05,7.94665647293448e-05
-1.98976636533589e-05,-1.18330889391873e-05,-3.74977886921718e-05
-1.4412107782734e-05,3.89851281186813e-05,-2.79876822354375e-05
-1.06971772727698e-06,4.69121135294814e-05,-2.38162753516118e-05
-5.09887244066547e-05,3.7022993621214e-05,-9.78208785098868e-06
1.27454204654752e-05,5.0000121167351e-05,1.78041691419829e-05
2.97536792946729e-05,1.00386763899444e-05,-3.26182607693756e-05
-2.87559820159469e-05,6.45029225888996e-05,2.21612087549595e-05
-5.35569147530058e-06,-4.39131161650996e-06,4.38676523834042e-05
1.02576541624127e-05,-3.72820107837335e-05,2.24792192498834e-05
-1.3426366950868e-05,8.80279803338154e-05,-0.000111134396337692
-3.08447378075918e-05,5.52511264663684e-05,-2.70671692310295e-05
-3.62828631396609e-05,-2.08975833606588e-05,-3.79728035151999e-05
6.71526177743486e-05,3.62789212436362e-05,-1.67656351936669e-05
-8.41425928716036e-05,-4.55412680780261e-05,-7.74412789127965e-06
-1.17325455964559e-06,3.43420828130368e-05,-3.94320985822632e-05
-3.73477262122828e-05,-5.08416717029128e-05,-7.72099639323328e-06
-2.79305308734256e-05,-0.000155417223330372,0.000145316346781509
8.4287116665325e-05,2.89140122629936e-05,6.29662529045915e-06
-2.50358029878057e-05,0.00024108503857809,0.000228037843485596
-1.36592458136141e-05,-7.60124442866441e-06,-5.25723754415007e-05
-1.81790062858406e-05,3.30153673244186e-05,3.49343270588575e-05
-4.33436814660887e-05,-8.62958243476823e-06,-1.64059502427214e-05
-4.04452603794658e-05,3.47351308337277e-05,-7.34896006924037e-06
-4.86145229877983e-05,-5.63634805009914e-05,7.36609603595562e-06
-9.181872986299e-06,8.03568213386145e-05,-8.26795648798473e-05
4.37681333981259e-05,1.83983727495336e-05,-2.60212629783193e-05
0.000243775000752256,-0.00013835160041378,-1.28153977907671e-05
-3.23477482245249e-05,2.7474283324947e-06,-6.5639360679324e-05
2.97609083283483e-05,9.81563982256405e-05,2.29004382008461e-05
1.15008980182537e-05,-3.06441752061928e-05,3.83757793144974e-05
-5.14999452470521e-05,2.38882786729926e-05,2.57122309663074e-05
-8.94084903711927e-05,0.000107855953328937,-2.62187196352154e-05
4.10530550346532e-05,2.91901572198384e-05,-1.15992522875976e-05
-4.7544582597097e-05,6.31715183295819e-06,-1.11614066101486e-05
-9.47891066999792e-05,-2.24576506902915e-05,-5.3952596315559e-06
9.19259563014144e-06,2.0476197867259e-05,4.01115054861891e-05
-1.67005517088819e-05,1.4198922638627e-05,-5.0207967040628e-05
2.64975290598169e-05,-2.28381858117664e-05,-7.05590238332591e-05
-5.76883801568821e-05,2.00009892667983e-05,-2.73481634943324e-05
8.69981533196684e-05,-1.82891801443823e-05,6.38799572640665e-05
0.000110043155165145,7.05021190976909e-06,-2.24785194004752e-05
-1.12138227564009e-05,8.34167387450431e-05,-5.02544136264615e-05
-3.37441688003194e-05,3.52454127827464e-05,5.09987459254001e-05
0.000234458490149469,-0.00046796585238784,-0.000398692437812252
-2.85642021736756e-06,-2.47929745618558e-05,5.36099646240536e-05
-9.96503039509386e-07,2.78749782039878e-05,-4.02100729927909e-05
-3.75422218896825e-06,2.95376205600718e-05,4.08904289541281e-05
1.54328587202302e-05,-3.92199605669302e-05,-2.19531190420838e-05
0.000608836769298832,-0.000622657930446647,-0.000293673050770885
7.90442244315821e-05,4.23082444894311e-05,-3.51046926238576e-05
-3.89601559681887e-05,-3.38907418026238e-05,-1.35102125830059e-05
5.57550976219272e-05,-8.64112831923989e-06,-6.54972080070889e-05
6.32818099477341e-05,0.000202784203584326,1.88943082721497e-05
-2.92534479983969e-05,3.3011022080832e-05,-7.55613257412305e-06
-3.97819956585971e-05,-3.00243665665747e-05,-1.36099826103001e-05
-2.91990377694572e-05,3.11205036845036e-05,2.90806870270091e-05
7.79618499104112e-05,-0.000103206361654002,1.51799377016698e-05
8.58168218671883e-05,-8.52195722129865e-05,2.63463198975404e-05
-9.60063540239429e-06,4.23249249853943e-05,-1.19024624998083e-05
4.23266258890196e-05,8.4079617430875e-06,4.68802731171825e-05
-4.37431574568725e-06,5.13020838407926e-05,-3.98880481024842e-05
-6.36279142024079e-05,-7.01937373460017e-05,-1.2283480432324e-05
4.79485472900024e-05,-4.17664882138586e-05,4.56066323767955e-05
4.78188680498837e-05,2.71205467759634e-05,-4.3637672545737e-05
2.17220102886047e-05,5.48726364903068e-05,3.57585970224043e-05
5.72817384715646e-05,-4.11543831220524e-05,2.53755088991987e-05
3.64558562112138e-06,-3.87380229881214e-05,2.8406054356814e-05
-2.49803785470335e-05,4.26319583199561e-05,1.95210661787668e-05
3.60553563084534e-05,8.22333494026495e-05,-3.7604664129847e-05
-2.41574682649161e-05,-3.77333384193746e-05,4.36675231879025e-05
-2.34714546354155e-05,-4.92017065612302e-06,3.77893347372727e-05
-6.69350675943272e-05,2.13036546703827e-06,-2.10309004149619e-06
-0.000111351214148317,-0.000150491835859406,2.32677563010909e-05
-3.92664171076368e-05,-1.76818627275189e-05,3.47753069221005e-05
5.43106421609042e-05,6.56796814846144e-06,-5.16941663807503e-05
2.75182512677604e-05,-8.70312997169087e-05,-0.000114588622602439
-3.33071705360583e-05,-2.70940221354145e-05,-1.3053773116913e-05
2.42893516954156e-05,-4.16063782827444e-05,-5.39635204973595e-05
9.44753677049589e-06,-4.73833148797916e-05,4.04023479663722e-05
-1.93776125420982e-05,3.15887578376082e-05,-4.53264150193167e-05
-2.54772791832404e-05,-6.51328513219866e-05,1.8969675033543e-06
1.5570130537287e-05,-4.05308426382733e-05,-1.72367440338802e-05
7.381724771166e-05,4.08428911674651e-05,1.15306144944545e-05
0.000103097546713355,-4.03985043257143e-05,-2.25625089199106e-05
0.000202904865232806,1.94064886544414e-05,1.48978384268791e-05
-9.7850408413342e-06,4.61970056238158e-05,-2.94101433421222e-05
-6.26860018333597e-05,-6.03355943490279e-05,1.16973616394731e-05
-1.16518226459115e-05,3.41357901900119e-05,-4.193450318459e-05
2.68372972405373e-05,2.4026159130786e-05,7.77283451039746e-05
-4.11504335254301e-05,1.35886422803001e-05,-2.97908531081118e-05
6.65893269928237e-06,4.93632615333237e-05,-8.91564020996679e-05
1.92764496134652e-05,1.36746975341864e-06,3.99681998816531e-05
-1.70382803768195e-05,1.41678206066973e-05,4.77861908714297e-05
2.96299568722216e-06,1.54991359256134e-05,-6.74137652884695e-05
-0.000133142659129324,-5.45461510939681e-05,-2.48005640531992e-05
6.0475854160817e-06,3.88438821579417e-05,-3.8677119968761e-05
4.72554235599987e-05,-0.00020009206357324,0.000150646730143783
6.33751570229997e-05,4.63252515477148e-05,5.17063004783908e-05
-3.14404355281347e-05,-9.91137514646688e-06,3.9315898873911e-05
-5.7849133330244e-05,1.20868746558106e-05,2.56356559447037e-05
7.38695649910694e-06,1.6586188650322e-05,4.63524485603772e-05
-0.000100471103039378,-0.000113070935549835,1.8566526271108e-05
8.73942667006137e-05,-4.09671768751874e-05,8.18963926741374e-05
4.47806152539273e-05,5.81395669510902e-05,3.82316668011057e-05
2.12743518171678e-05,8.03124722018929e-05,6.01017707828681e-05
-1.60511188789793e-05,-6.31681200294196e-05,-3.57127586477816e-06
1.43157151806468e-06,3.71049521155123e-05,-3.58335530488637e-05
2.66398237774495e-05,6.60638612782895e-05,3.56624305864943e-05
0.000662187571401218,0.000544106028575609,0.00253344359076628
-1.37926128555664e-05,2.09233795178766e-05,-6.17970567821066e-05
5.36219969390393e-05,-0.000144058694140353,0.00015302026418694
-5.7710770456209e-06,1.45867537122745e-05,5.42414434970459e-05
-0.000424477457738703,0.000146224286465092,0.000340137700268364
4.40247117742782e-06,3.64008613836319e-05,0.000111685396105907
-6.99048812433667e-05,-5.76643132410191e-05,8.17343663653208e-05
9.24838972577034e-06,9.00878206609934e-05,-8.87785188833599e-05
7.19526177889784e-05,-4.583933218578e-05,-1.05459739839199e-06
2.66010581569721e-05,5.41577977844497e-07,4.98303798723103e-05
-5.14175471493196e-05,3.96561707992725e-05,-3.71793218086265e-05
1.68843997284677e-05,4.83612912299446e-05,3.09281245151278e-05
0.000347142878105303,0.000303879741118669,-7.38219977034209e-05
-5.93245416327795e-06,4.63787491699806e-05,-2.92377928238078e-06
4.13329320070619e-05,-1.62989363914552e-05,4.2528555436481e-06
6.57369628258066e-06,-0.000103341928966349,-4.31811796758226e-06
-3.60182728632705e-05,6.32950072544576e-05,-2.84230345058759e-05
-1.31587586450175e-05,-8.02772478685531e-05,-1.63012849374896e-05
2.62668466173861e-05,-6.20830967614786e-05,-5.87048704227352e-05
-3.0844353576973e-05,-3.43116276630831e-05,3.65665608162967e-05
-1.39685493528244e-05,-5.42183679273727e-05,3.50082982362744e-07
0.00012919567825117,2.8736830399909e-05,2.8722557398385e-05
7.48970907740421e-05,3.59847458155468e-05,1.13203778485227e-05
-4.98553714228411e-06,-5.71353460682095e-05,-1.23514895449252e-05
-0.000172950434432423,9.57981033841482e-06,1.38166102830321e-05
-3.79441283935502e-05,4.21708006024629e-05,-1.58278323117712e-05
9.43314466485724e-06,1.53425077562951e-05,-6.63121000885641e-05
-2.67265118585238e-05,4.85221313659117e-06,-3.86415720258294e-05
-7.50502849051532e-06,9.34623224909933e-06,0.000179245914931021
7.12732471034984e-06,1.19628903509726e-05,4.47623336796642e-05
-4.29514822189007e-05,-9.33824305961804e-06,-2.28952429304042e-05
9.08854545391224e-05,-3.04941143552091e-05,-2.80798416231924e-05
-5.57937051825528e-05,3.45173475917053e-06,1.55675006843838e-05
4.34169643438032e-05,-1.92722312610869e-05,8.52149333084598e-06
4.10784255511445e-05,-2.65499593491859e-05,-7.52078489874906e-06
-2.53231144172121e-05,-4.90925321949642e-05,-3.52576802132895e-06
-6.71339902493906e-05,-8.90541211285794e-05,1.22654018397692e-05
-4.57095298988439e-05,2.99879755914637e-05,-2.70920688748818e-05
0.000223969970389751,-0.000246857682866382,0.000170059954378218
-6.77027390057496e-05,-6.68163930633822e-05,-1.25166604369275e-05
-7.66342805327731e-05,-8.64930247035727e-05,3.58204380163951e-05
-1.05052986184161e-05,-3.99732192758806e-05,5.86572919607048e-05
3.75091182199775e-05,9.66891977574829e-05,2.4896579175524e-05
-3.04543165546748e-05,-2.20180212729748e-05,-2.80807715791084e-05
1.16434158276303e-06,0.00033053731862411,0.000119957976435663
-5.15729267610498e-05,-3.02318285913326e-05,7.70693643842605e-05
5.67630825725812e-05,-9.97659576828303e-05,-5.44672379992533e-07
-3.55747872432268e-05,1.81290881423416e-05,2.72875056471519e-05
-8.70075279735747e-07,5.17864523635022e-05,3.62159215733826e-05
-2.60219243094024e-05,6.13794256426471e-06,-7.55204247652143e-05
-4.34578670954211e-05,-4.58256590072163e-05,-3.31150449392847e-05
-4.97985622452567e-06,-2.61055168322211e-05,-5.29633626174921e-05
2.84029414275532e-05,9.78159553645281e-06,0.000116662828611543
3.99796229273525e-05,4.85513377774972e-05,1.21370973850191e-05
1.03019067592973e-05,-6.1659027202156e-05,-3.49585004665209e-05
4.85244402068823e-05,-8.3210812688909e-05,6.47408334278302e-06
-2.79421098759489e-05,3.18393018551841e-05,-3.83097066364914e-05
5.72096856033256e-05,5.38280816487737e-05,7.43272979435644e-05
-0.000179167276658638,-0.000140490032636031,-7.64344031310825e-07
-0.000188438355701468,-7.59407556315189e-05,0.000108191486603793
5.19187656537292e-05,4.13196942104496e-05,3.24500110366878e-05
5.4217704675456e-06,-2.41085795802528e-05,5.06064969668706e-05
-1.37372859838462e-05,-5.36166074811801e-05,1.17867694878429e-05
2.82628754037369e-05,2.59300742567115e-05,-2.31118572256964e-05
-0.000136757031189343,-0.000107152087183828,0.000213082402750623
2.19468693008917e-05,-4.58991652420173e-05,4.53046789060872e-06
-2.37968564723615e-05,-2.85125983163544e-05,3.19936774228581e-05
5.52569119198247e-05,4.87138204971968e-05,-8.39330420466321e-07
-2.94678361277578e-05,-5.59666970568834e-05,1.20748345979738e-05
5.87194515951747e-05,4.59164163226513e-05,-4.09590164983174e-05
2.87338532428877e-05,4.36140117458481e-05,8.37658015078733e-06
1.83857281511992e-05,-5.47846549342343e-05,1.36985542508145e-05
-7.28169158198034e-05,-1.5466461460515e-05,-3.72327272967685e-05
2.89253219888635e-05,0.000150108940141528,0.000162098820363439
-2.10814604258255e-05,-0.00010347630570706,-2.63504452663435e-05
9.92556681122943e-06,6.23000748100268e-05,5.69013979566815e-05
-0.000473809116321026,1.71099579554782e-05,-3.11241313935163e-05
-3.65883057214652e-06,2.2939643595061e-05,0.00016152939022843
4.8228445126708e-05,-4.60619807595928e-06,-2.05708461663601e-05
-1.38000376119332e-05,-6.95668075066123e-05,-0.000124024121637191
-1.91779049237213e-05,3.48044282018249e-05,2.43860155859334e-05
-3.74482376426482e-05,3.56583827431909e-05,-7.57716809028359e-05
-0.000162891234829874,7.53187018831973e-05,2.66439164190651e-06
1.03860068742075e-05,9.58661332369639e-06,-6.03201659180539e-05
3.98949049651407e-05,-6.96887007922052e-06,-4.53396231346318e-05
-1.47453695791083e-05,2.69165239289305e-05,5.4387656070312e-05
3.67465563066326e-05,1.88517266812343e-05,-5.48629882861184e-05
2.13892751375595e-05,6.94755657798574e-06,4.66098815010026e-05
-4.36961260497206e-05,2.34666245751606e-05,-2.46872015538048e-05
1.2909456759139e-05,2.84564055394823e-05,6.5481594770132e-05
-1.84395835557467e-05,8.98557065743083e-05,6.65397393526758e-05
2.30629907821102e-06,2.21032935355796e-05,-4.21878946552842e-05
9.74001946921715e-06,-9.33701452662046e-05,4.22890037681453e-06
3.91816855848313e-05,-4.39908828740664e-05,-9.89235636768244e-06
2.59366121971998e-05,1.0090995350928e-05,7.46938366410884e-05
-0.000216852614011009,6.14726981824546e-05,-0.000171783884950861
6.93753282619356e-05,0.000187032573920014,0.000119570159054047
2.03913883287025e-05,3.6971814799167e-05,1.55646406600829e-05
2.82363111015159e-05,0.00013834620361868,-1.86990361543499e-05
-1.89469684056922e-05,-2.56857421773769e-05,-3.62006453912506e-05
1.96060838028345e-05,4.14464632300947e-06,-4.47817678616863e-05
3.34081808709187e-05,1.85490511567968e-05,3.89185824349595e-05
7.55570413808167e-05,8.5210137412483e-05,-0.000178416876861904
-0.000110243942423771,-7.93736496944954e-05,0.000352237568364903
-1.84652935650886e-05,-3.82445469870635e-06,4.02063576646319e-05
6.68157640917034e-05,1.63746938062615e-05,4.13012332726248e-05
8.07310571339489e-06,3.20856593826221e-05,4.33384511026363e-05
-7.05432831203073e-05,-3.28651114039336e-05,-5.58601387412459e-05
-2.83676643030741e-06,-4.72757804851973e-05,4.51362420554203e-05
-2.99979662071975e-05,3.93482391269392e-05,1.0513646851715e-05
-5.98087887389176e-05,-2.66463555595621e-05,0.000146169835266945
1.78455009171025e-05,-1.85822994659471e-05,6.87174347374365e-05
2.68964713325887e-05,2.52165807902345e-05,-8.21500219499993e-05
3.93391160279601e-05,-5.73397030998046e-05,-1.18832160468449e-05
3.571533091671e-05,9.11632490863553e-05,-2.10716881262857e-05
-1.67851575761693e-05,-8.99583836487678e-05,9.30499106262048e-07
-2.34948482650341e-06,-6.83464465989177e-05,-8.14576345277754e-05
1.33438163115538e-05,2.13524982285629e-06,4.33935496601501e-05
5.02296153725715e-05,6.12357546567537e-06,-6.90277747500298e-05
-3.89200263078374e-05,3.62591125248459e-05,0.000103695141261689
-0.000308603794487582,-0.000642513011775694,0.000212001701466545
6.68703629897775e-05,-9.827895698131e-06,-1.68382612999379e-05
-9.71223324063382e-07,-2.79730596555629e-06,-6.10409228431709e-05
7.92203152531319e-05,-0.000206912191733995,0.000109358341266869
8.14294732691342e-05,3.26566688736053e-09,6.70717354814964e-05
-1.45572067963835e-05,-1.29449218690468e-05,-6.51823690209762e-05
1.7161118201979e-05,-7.11571870221923e-06,8.24895986703847e-05
-2.2385794995195e-05,8.11977021669917e-05,-2.86539140843044e-05
-5.43299420514174e-05,-9.70821462009531e-05,-7.77761873760436e-05
4.116955543666e-05,-5.03204893234986e-05,-1.84597461218236e-05
8.33038041662919e-06,-0.000216495334707172,-6.57981844890932e-05
-2.97089994808858e-05,-2.2386476463015e-05,6.2503341956895e-05
1.53572778563498e-05,-6.85615215788852e-05,5.67279343694983e-05
4.16284974198135e-05,1.87768318868827e-05,-9.55168683930612e-06
-1.90311114179802e-05,2.076409523985e-05,-4.19441429785171e-05
0.000148916171459866,0.000124310762118008,4.91814441095111e-05
5.89465301598725e-06,1.2520404083011e-05,-4.57448755045564e-05
-1.84424978610598e-05,5.38235218158706e-05,1.80709078312073e-05
-0.00011752614337991,-2.8168722319277e-05,0.000101605451911486
0.000342748556325579,-0.000151708863155146,0.000480530562125147
-2.01645629676313e-05,-6.64086082642176e-05,-1.30462802999122e-06
-4.71311258679549e-05,-1.45809035859235e-05,-2.33512027766458e-05
3.20396353083263e-05,1.21391603005446e-05,3.20184619525459e-05
5.88788698283398e-05,-0.000117207043765573,-2.65607039254622e-05
4.37503682493012e-05,4.80534501469984e-05,9.33661342128293e-05
-6.52307846954312e-05,-0.000122701597042985,0.000100880349028752
0.000106102025892392,8.07777462906657e-06,-4.98288551237842e-05
-3.96778135304048e-05,-0.000186919594659382,0.000126921769304682
1.94826002804155e-05,7.86130054934351e-05,1.91654025293199e-05
-3.50820925670584e-05,3.94870829556123e-06,-3.16437765674918e-05
2.89775065456672e-05,-1.47496608728858e-05,-3.98236675654346e-05
-8.64719798775613e-06,5.60114256542562e-05,1.85365814748355e-05
6.6293305327789e-05,-2.68569856421931e-05,1.00533084446567e-05
2.19184732358394e-05,-3.72968532573106e-05,1.12466193201493e-05
-0.000493783072767225,0.000651335854854478,0.000158376916539257
1.06244209129282e-05,-4.55897623641139e-05,-3.11092664732088e-05
4.27293648045744e-05,-5.80465554532309e-05,6.61956355819695e-05
-3.44480801288874e-05,-1.79108151508798e-05,5.16178420185443e-05
-4.26617549503131e-05,-5.73817264268677e-05,6.94290872587664e-05
3.59684937254305e-05,-3.56706495431411e-05,-4.02317688238009e-05
0.000121073453918874,0.000132867925510612,8.03462159011318e-05
3.13553041405439e-05,6.47405257149932e-05,-4.13984682421882e-05
-5.91340172613966e-05,-2.08778990920708e-05,2.42647874151147e-05
-2.9601808452565e-05,5.81462474203877e-05,-6.77464639900787e-05
-7.5544475944475e-05,-5.31660558097566e-06,4.09001001394842e-05
1.03472824991684e-05,6.06422701187644e-05,5.39981241923661e-06
3.81380930123503e-05,-4.50823997627758e-05,2.31720150797147e-05
-1.25424186144397e-05,-1.68242051437269e-05,-5.15271120247269e-05
0.00013608025878265,-6.34273532290694e-05,0.000113694236368762
0.000100868530617197,4.25888538406736e-05,0.000118725133200435
4.27231820268675e-05,1.5388533529676e-05,2.61999331758417e-05
-0.000106651696055982,0.000356620239136467,-0.000385355126717546
3.83000336815769e-05,7.59040597787077e-05,2.39064917339938e-05
-4.02676729296117e-05,3.74787524088536e-06,5.13858786437016e-05
-7.29275444220503e-05,6.66406397823488e-05,5.12444402647972e-05
-9.26814760814449e-05,9.37550379728351e-05,-3.43080917071298e-05
-0.00010103002147709,1.55284484053506e-05,-5.32944337276374e-05
1.13756475479264e-05,3.85631060621067e-05,1.88056443148097e-05
-3.46394178967273e-05,3.99390026243197e-05,-1.23920983066866e-05
0.0001177460608512,-8.9733391736972e-05,2.48494004806017e-05
-0.000316842530638688,0.000460518523353643,0.000324275708905638
-6.76751585260948e-05,-3.32968087669953e-05,6.31226595762928e-06
3.75768349994577e-05,-1.55676731755877e-05,5.15671583273528e-05
-9.72526311768251e-05,-3.73300231889244e-06,-5.96969486697923e-05
-0.000225398275553101,0.000195018828157284,-0.000156379109343327
-6.19024068705918e-05,9.58918924435593e-05,2.91389872164471e-05
-4.30069823755407e-05,-3.74392919801838e-05,-3.9765922383501e-05
-3.14516090288113e-05,-3.2728773339667e-05,4.83869071308588e-05
-8.44966373482187e-05,-1.76216290741118e-05,-1.18348993179063e-05
-9.49195603834221e-06,7.12055761609658e-06,-4.8957512583728e-05
-4.84643770253676e-05,-6.72924514763775e-05,-3.62674859977094e-05
-4.41526041020693e-05,-3.07944279896738e-05,-3.36410197401505e-05
2.58000230195841e-05,4.18991818489648e-06,-3.58537102296643e-05
4.63723620899402e-05,4.04797468213851e-06,5.46380065643412e-05
3.03122616995504e-05,-4.15149256660239e-05,-6.47418238670712e-06
-6.28548225977985e-06,-6.38680353182659e-05,8.97830890486544e-06
3.88270794729368e-05,7.6051536868267e-05,-2.71252233493942e-05
4.94212691544452e-05,5.89401287954359e-06,3.08670712435116e-05
-6.90815048968215e-06,3.61076430491295e-05,-3.87866721076114e-05
-3.69308077862033e-05,-2.02764095668535e-05,-3.88312118964742e-05
-1.52024370881887e-05,-1.4206680697282e-05,-3.97904548432152e-05
4.69425423216257e-05,-4.82627584265471e-05,8.82938105546261e-06
-4.06154228991837e-05,1.77658681671643e-05,-8.09629530746479e-05
5.08422095802993e-06,-0.000110241635318984,0.000161732080186977
3.28694591783722e-05,-3.15163962811911e-06,-4.83710293677092e-05
-2.4224577107068e-05,4.98599365048481e-05,2.66914068575482e-05
3.22198801077458e-05,-2.5907308194686e-05,5.28953180934499e-05
4.13404370021758e-05,5.93469045126218e-06,-2.94326581532556e-05
-2.2247639987769e-05,7.37310314289463e-05,-1.998887427591e-05
7.28811981039666e-05,-2.69074207895834e-05,1.44014717258755e-06
3.22593616194878e-05,3.1273807451458e-05,-4.00898893104615e-05
3.63722892663924e-05,-1.77941537742644e-05,-2.10398840955597e-05
-4.85615159399625e-07,-8.1872767154524e-05,-2.56135272367474e-06
2.88511142994933e-05,-3.75939500653489e-05,-1.04343081985001e-05
-1.20403970360261e-05,7.45710687674588e-06,-4.7242677597536e-05
-3.41620405004631e-05,1.39645314723555e-05,-2.640016111988e-05
-0.000175527726187719,1.56156215648028e-05,-5.2910958417789e-05
0.00106120232166156,-0.0014083323004412,0.00223211907985672
-0.000120390881217431,-0.000131620528463038,0.00023827145588094
3.52007816486143e-05,-3.26991768604677e-05,8.11177908954563e-07
-4.61328617505092e-05,3.90900923138237e-05,-3.66749095910753e-05
1.83417851925426e-05,1.99872299175168e-05,-6.67355415478639e-05
-7.22775094606347e-08,-4.12509365643211e-05,-4.51346710348959e-05
-1.68520431701641e-05,6.01236080719278e-05,-3.44314263968469e-05
-4.75738247797437e-05,-3.51401476130874e-05,-4.7936736534163e-06
-2.37416842698398e-05,-4.87674692916395e-05,-3.26765741893901e-05
9.59732232557219e-06,4.41178181635336e-05,1.95501731504007e-06
5.2286766178265e-05,7.30401771308892e-05,9.98700633995934e-05
5.8566585758478e-05,-4.34237136085814e-05,8.16987435203692e-06
3.19030352389363e-05,2.09224906631374e-05,-2.15741225598861e-05
4.64962020591155e-07,-4.34932402631398e-05,-9.88412160174935e-06
1.32941214326962e-06,-9.39917115017867e-05,6.40893459382412e-05
1.54660600154083e-06,1.47013223436958e-05,4.4385707653318e-05
0.000131231903603511,-7.67785095633891e-05,-2.34036690959782e-05
3.67107168268387e-05,4.78287708375871e-05,5.3975925771274e-05
-3.40050515084625e-05,-3.68642501219389e-05,5.02660879351306e-06
8.17639772524927e-05,6.90611550867617e-05,-0.000208414986603498
-4.13579994683068e-05,7.6653536948662e-07,-1.5835051784694e-05
4.49605434654489e-05,-3.26035495499587e-05,1.46835885087183e-05
-2.72907600703368e-05,-3.4212993621532e-05,8.48890475150115e-05
-0.00014265236225281,-2.61616347113814e-06,-2.18499764821684e-05
5.31669206118411e-05,-3.35983587722782e-05,-1.47988013302312e-05
5.25742643783016e-05,-3.87822943535289e-05,-2.20527886643317e-05
0.000112949589025089,-4.66023917719707e-05,-3.3101542894739e-05
8.63048512781844e-05,4.2151442845097e-05,-6.46310952941144e-05
-4.56751527259029e-05,-4.67256308654683e-05,-0.000141516484494258
-4.48664959888578e-05,0.000109988143179401,8.12729274797791e-05
0.000202079377575217,5.17758298257457e-05,-0.000150667761386599
3.34425646232746e-05,-1.06123103815799e-05,-4.4774947184624e-05
3.49030827829895e-05,-3.96089813804247e-05,-9.50606548682119e-06
2.27978102020131e-05,-4.77447242103884e-05,-3.47459831172043e-05
-3.92783108306463e-05,3.15647981629444e-05,1.21053715509184e-05
-1.29273768057157e-05,2.71402150136607e-05,-4.0818074177322e-05
8.46159765789826e-06,-3.5052752155232e-05,-2.58068243982082e-05
-3.90914027491734e-05,-6.97560954103458e-05,0.000183747423365208
-3.02741794883116e-05,2.05951085626909e-05,3.57254605176608e-05
7.77527629049263e-05,4.09211805146591e-05,2.21617632601824e-05
5.1276043387754e-05,2.91136637556194e-05,-6.16841446244929e-05
-8.84188302889297e-07,-1.31462670893726e-05,-5.31929075207996e-05
3.35043285703672e-05,2.12358719560969e-05,2.1677300702385e-05
4.57774059871734e-06,5.31391902887294e-05,1.97329866287265e-05
3.62354098926169e-06,-5.97803293813917e-05,-4.63506935626979e-06
2.24596377003996e-05,-2.61631241036706e-05,2.99935929811166e-05
-1.21977482803832e-06,6.32324879484928e-05,1.5002411802231e-05
-2.41459441408032e-05,7.46101249160418e-05,2.50001336488019e-05
0.000176158116636975,-3.58168659823516e-05,0.000168841681649451
2.34803510406836e-05,3.3456812328345e-05,-4.08007619600185e-05
0.0001873142281261,-2.12246334756399e-05,7.55706046986056e-05
8.56355665992e-06,-4.41441668216556e-05,8.59701116115837e-06
1.91348262599505e-05,-3.39267841589604e-05,-3.26405391846947e-05
-4.97137844254874e-05,-5.5293617086257e-05,3.68222390355092e-05
3.14675516143237e-05,-5.45751865377559e-05,3.87041649834002e-05
-2.33515921071107e-05,2.00361190250372e-05,3.52178568177218e-05
6.71821041341416e-05,0.000244281059680701,-4.08808615213177e-05
8.90678707707651e-06,-4.75809484752327e-05,-1.85932781438171e-05
2.2623112487423e-06,4.2870317651107e-05,1.1726302620267e-05
2.52341632867542e-05,1.6439990593423e-05,3.43240363947578e-05
-5.55590186428245e-06,-1.55352278466646e-05,5.73914255157022e-05
-1.63419429072547e-06,9.62970479521292e-05,-1.42824498616259e-06
-1.91414424976728e-06,-1.7690260562973e-06,-6.2137420429422e-05
-5.7873577743898e-05,-2.33150735250822e-05,-2.53853687544026e-05
4.78210605488213e-06,5.4144992674768e-05,5.88213275214078e-06
-4.61178898701281e-05,-0.000153036351757707,-2.05462380827222e-05
-3.92832682722147e-06,-6.0385128769848e-05,1.65148604037698e-05
-2.10896916658724e-05,-3.86361043040363e-05,-2.80774197310589e-05
5.91296236873972e-05,-2.28131611451094e-05,-1.72496148568159e-05
3.77035877857107e-05,5.57407042894071e-05,-2.75801798793756e-05
-8.72051254482246e-06,-3.03769277073974e-05,-3.16957644410424e-05
-0.000105495308352605,-0.000129090063940626,0.000166258768059191
5.81860923969809e-05,-7.56522757117107e-05,6.74361666676009e-05
-0.000214134989045587,-7.39306924301604e-05,0.000110745456117579
3.54826982330409e-05,9.89714092542793e-06,3.2618859114411e-05
-8.68086076444794e-06,-5.81026746859935e-05,-3.83932793125312e-05
0.000109503752793671,1.46275039616369e-05,0.000124707443554645
-2.85788448272413e-05,-3.39341449308471e-05,7.73679957368773e-06
4.81837674639875e-06,-5.47352673378308e-05,6.29664800243262e-06
-5.01390783636279e-05,1.96940316000082e-05,-5.08805338612644e-05
6.5113453387043e-07,2.84709558065084e-05,3.57229408096956e-05
0.000175641786281919,-0.000286660347867786,0.000113741098782525
0.000139707426220755,4.06154616275515e-05,4.51286806516531e-06
-2.44183611167175e-05,2.5539191824401e-06,5.18789559069756e-05
2.9917718922181e-05,-4.22175667949457e-05,3.81308531337658e-05
-1.34606247831337e-06,-0.000356600780562844,-2.57056901072752e-05
1.93158403940502e-05,-3.89609261066512e-05,1.04617691974627e-05
4.92257434878649e-06,-0.000425669276302499,-0.000146322498691176
-4.37510520327879e-05,-2.74492028003469e-05,5.70839809628326e-05
-3.85504716442788e-05,9.99584707216717e-05,-2.51069285565925e-05
-3.7018021490981e-05,9.92435101256201e-06,2.44909064209177e-05
5.41773618699662e-05,3.47951075461736e-05,9.26051685128438e-05
5.38992690123026e-05,-1.44729397583134e-05,3.43960959030426e-06
2.97071136929223e-06,-5.84938210416167e-05,7.08782246689489e-06
-1.88252819449554e-05,9.47629630560024e-05,-2.72222364884829e-05
-2.44598971731371e-05,2.81526806006044e-05,-3.63549867308639e-05
3.91649499491908e-05,-1.53928383452479e-05,3.02332109042151e-05
-0.000821705840584305,2.40193782341263e-05,-4.58560281053415e-05
-5.45723813538639e-05,2.39567759383468e-06,2.73993482609124e-05
-3.73764765884621e-05,-6.8789696166959e-05,-5.82176195485566e-06
0.000512210282051363,-5.6202657796195e-05,0.000266894026974265
-1.43377651823379e-05,7.26015617624587e-05,-1.68641747276173e-05
-1.55975536644813e-05,8.72580300481571e-06,5.25120640881551e-05
1.86661930468175e-06,2.35076036000939e-05,-6.40929566885701e-05
-1.15806429109709e-05,-5.26530374354506e-06,8.81554637529163e-05
-0.000181163861701434,-3.00312939968304e-05,8.22683551260714e-05
4.32018946961051e-05,3.85036053372539e-05,-3.59511039572638e-06
-4.60391476800076e-05,5.44539236005245e-05,1.3957304725877e-05
-6.12963777459072e-05,-6.62428107133607e-06,1.58673905400663e-06
-6.72163064520048e-05,-5.3765720986692e-05,1.31424340854e-05
-3.53403497826994e-06,-4.89762262114296e-05,5.02115230046077e-06
1.66954824381445e-05,3.90045050978055e-05,-3.73298992090338e-05
8.69931414752672e-06,2.08592601042151e-05,-0.000134979853440037
1.18542276502851e-05,2.14189157996745e-05,5.92187457238455e-05
-2.35703877832865e-05,1.49455092455152e-05,9.63230078160229e-05
