-0.36607077746254,-0.186294580257964,0.174913547342514
-0.174494089103652,-0.140704327516941,0.925768062233913
0.367752335291374,-0.00265327669494123,-0.80464056636521
-0.287303049225514,0.284195991609738,0.90897524083562
-0.00473036480422473,0.429899077152906,0.333345407254194
-0.291066145220987,-0.332861631236521,0.521005873937039
-0.402768753131818,-0.69387719404415,-0.467404765028404
-0.601108416887342,-0.358604896358413,-0.301167380783669
0.543796731160908,-0.00663292910063872,0.521506085528247
-0.922258728423303,0.045151458636098,-0.233400823826546
-0.658585100471977,0.101362979182482,0.467203004596431
-0.815425152381885,0.527119500047015,0.118523707575965
0.168854114961915,0.5191736195221,0.0394963133839431
-0.628614042780261,-0.750923541494213,0.127417209862247
-0.204552034026868,-0.839657241764581,-0.455956803526079
-0.397473003007079,0.464196443373922,-0.508016489222402
-0.659638420310339,-0.176447790557918,0.721412664221754
-0.758829339552359,-0.138884909477417,0.557663846718306
-0.653521744637678,0.240328126741518,-0.682337307954536
-0.776762686296449,0.0555670492462663,-0.338424852049645
-0.109037215809315,0.504095226290954,-0.235845680266446
-0.0683397409396736,-0.303822027239204,0.848450385184535
0.0937365877818474,-0.685974843001566,-0.418968708815464
-0.107877628449266,0.0495742125364343,0.610215736143002
0.353887317467347,0.313231794895414,-0.0981815921504901
-0.570958033949119,0.271828496474577,0.198810958154117
0.320756416919074,0.613039460757078,-0.465040184189514
-0.774826016394297,0.13298397834012,0.496954430358466
-0.0195025173972233,0.779611307569077,0.30573285733377
-0.416134398917274,-0.234658156464952,0.35589387045169
-0.86088671648748,0.232455002104217,-0.429997533538148
-0.805823068178306,-0.477235818475974,0.346444885805613
-0.573112809942363,0.125280783126047,-0.625986110688723
-0.086758266169379,0.378606448146915,0.653029572560008
-0.522884127346502,0.198396124407686,-0.303372375280471
-0.587741998644053,0.173820792080785,0.785998567517123
-0.531198030764636,-0.262503534919143,0.419948761150308
0.478995011173301,0.728821733293693,-0.382337685509216
-0.208727847395,-0.203651614290891,0.595172212887358
0.612561964699391,-0.0382132444579051,-0.542081883415654
0.503773427948707,0.372753772655101,-0.329631831077145
0.5849270076514,0.0985954435630177,0.782140362151275
0.0162502299156899,-0.68711599995449,-0.638180437017821
-0.440565471816216,0.372063693837107,0.371008812962875
0.043746955139915,0.209324407296346,-0.805549467077339
0.261519220743804,0.659629487195049,-0.482054335558303
-0.472900958456218,-0.756771500565398,-0.444729316715835
0.317280662782249,0.179653515826083,0.530503567791597
-0.0358039177218994,-0.1899770022062,-0.47686702998132
0.263032846354409,0.856373526205965,0.240952873446628
0.250951903407656,-0.739199054280142,0.574632121635032
-0.156502662438242,-0.181240736387739,0.719137181663599
-0.0999944509079149,-0.488350168064377,0.607350345790707
-0.483624060638195,0.765090646769183,0.170644236189444
-0.186404476999061,-0.385567752099527,-0.741837032923609
0.204622264936098,-0.651107939170287,0.680381190791874
0.0841093705298169,-0.511597977211795,-0.412786996058478
0.13225721764649,-0.481396991547046,0.613635487074398
-0.545565479537651,-0.399091906571829,0.074831491417214
-0.18693156343206,0.92743765055915,-0.29589968744659
-0.135991215055264,-0.453578216043815,-0.877509724199024
-0.246527624030837,-0.39838656805397,-0.0903879769736372
0.626207759148447,-0.472024806429394,0.494246613571584
0.0154951966062196,-0.247665265948512,-0.165992163800275
-0.00788557898877111,-0.310680851685071,0.721768699542529
-0.623443434763823,-0.556868982847665,-0.166365479119835
-0.361376050143997,-0.540258702041409,0.600546385791747
0.0598695009863989,-0.793282379167496,-0.0786996604122528
0.0685883666122922,0.421422153981939,0.664028055318238
-0.0975252072540575,0.291286393659563,0.370702208850271
0.0510724976795148,-0.478850536663857,-0.551503636752811
-0.0968921537977451,0.114353445001163,0.359102697163872
0.249371763730769,0.110072726433362,0.671005802442718
0.142678250602905,-0.431545691946024,0.364407556595207
-0.0759017602377729,-0.158377383335948,0.380390611054868
-0.539178244807418,-0.656305388227953,-0.0120404138979161
-0.237890909530258,-0.503790790013942,0.484501488056582
-0.151760323471544,0.252854896371208,-0.912264711113332
0.763422995938755,-0.488129461950501,-0.284053717404659
0.414361121899472,-0.225681739748466,-0.801395703690233
-0.285173647142984,-0.407551016290127,0.129104580965436
-0.507924658519144,-0.309321386605623,-0.210253185057275
0.52785184128385,0.511947872795688,-0.663685858194531
0.634222117472149,-0.503895863656462,0.215001886204002
-0.451004230010503,0.603740711229542,-0.0200529529567398
0.482454038400976,0.274068953768223,-0.629282956414756
-0.125256431922689,0.75789356084109,0.108627822111827
0.0182575725178814,0.0885531405930234,-0.36905566879871
-0.250338889654015,0.498873435618591,-0.347626574112915
0.296673986018482,-0.795946360479403,-0.175186595854734
0.326232325413594,0.168368494565317,-0.901587620029008
0.155296908219607,0.942913925399332,0.00955320298775176
0.233231189383392,-0.103676049119787,0.892211714119776
-0.507300426453694,0.365248681632525,-0.452185009113885
-0.203006793267901,0.466181473947418,-0.458973971135805
0.821749629345644,0.319185434174837,0.0642237887958673
0.712172524707854,0.248287932698105,-0.580669107629369
-0.402506051819025,0.470497905403134,-0.24434673565392
0.0607268311149597,0.405499527973236,-0.1882336604164
0.013496868556983,0.035872087408011,0.460501659643426
-0.398000315434808,0.41165385591408,0.598543393872737
-0.155768971849526,0.0141005758251252,-0.367947959548796
-0.665643641054564,-0.106273964037945,-0.413007034668974
-0.364345900753623,-0.342778564180772,-0.558295507115002
-0.31546776326682,-0.648173767448502,0.318498851285827
0.83426107881825,-0.487706211554963,-0.115583315126097
-0.0443780759802188,0.0682184322568362,-0.989894743391829
-0.271803872974211,-0.264745159233925,-0.387895785196557
0.755662537317112,0.276708507276292,0.427589468264084
0.316899351093046,-0.74692220143698,-0.321020436821089
-0.160900144192836,-0.162454414356725,-0.940521558539346
0.353317030782825,0.0536186926667972,-0.530218928239958
-0.227518167938828,-0.303789271411746,0.674278448350895
0.208586692302029,-0.114750999149522,-0.872942186459875
-0.8798608764096,-0.137750434362846,-0.332158188583506
-0.126217724101078,0.429806393787069,0.685506621673473
-0.0417465341025993,-0.352272872952391,0.336496084137826
0.0208723662934697,-0.81469535368076,-0.0502512206066072
-0.531692818842536,-0.232233879236913,-0.582604926024462
-0.172033870120534,0.771486969024768,0.432193425908158
0.783672611284487,0.356220988037158,-0.361858411599464
-0.652553827574363,0.57462628982491,-0.0479039465845554
0.115800735398653,-0.922821662401489,0.0296723017225431
-0.304293462524689,-0.45846591599308,-0.626449708587861
0.591243916418929,-0.684811395499295,0.0228637357411142
0.393120720517512,0.626106243493384,-0.0548800107949663
-0.150804031523143,0.853908885272832,-0.146180290628028
0.496665870493252,-0.786265462649615,-0.0979123489770143
0.54672377601091,0.263332137964583,-0.378873308325804
0.00534070266041673,0.108113581924729,-0.725839282405783
-0.368586942744798,0.712605167086178,-0.464750569426416
-0.207589862492208,0.797388028843027,-0.332904183000094
-0.772035664103844,-0.330193559447745,0.37998409785689
-0.615711842599949,0.0169998606070369,0.764014940920201
-0.327421968715671,0.147570600944614,0.435281046423364
-0.818133545975351,-0.311533215432795,0.378720089994651
-0.592527367398414,0.448636265309604,-0.19051849797746
-0.349097877842993,0.349976159983123,-0.828790686404218
0.498337353013893,-0.316190619638959,0.659175718406054
0.712495827663422,0.220191697855324,0.285649858154523
0.378333700340112,0.480704575381383,0.394668816549632
0.0447487789869957,0.780147601786214,0.0697167941513203
0.397601553927092,0.759810244395059,-0.467821262140899
-0.140441443840895,-0.92953311125047,0.188895168060333
-0.395381309903942,-0.000993796235056183,-0.855334277326922
0.582524789151511,-0.412097860120422,0.275361678115175
-0.718131716155672,-0.398658199039866,-0.100160626144881
0.159701332170887,0.449452560425029,0.0459436564742281
-0.56847281536232,0.256100876180335,0.309609467656688
0.0252133542417766,0.0817512563986752,-0.88755069320256
0.498906184616171,-0.244377630882908,0.728696345500362
-0.214135891154852,0.640916586034302,0.71698063321716
0.0186662195553569,-0.409453409915277,-0.704904880538269
-0.0666495333604706,0.274880539185614,0.414930927606673
-0.180214192716783,-0.1262587484338,0.973813332876792
-0.234798650864672,-0.397987311392387,-0.162199091636763
-0.586496109672114,-0.428418042759605,0.279344839364522
-0.449804827388206,0.308735679645385,0.486102897994739
-0.195226526119739,0.422411211855386,-0.684371255497469
0.0330841105653834,-0.232248672346222,0.358101013571362
-0.0584620684501664,-0.0917822506276874,0.440970441051992
0.0940128818599441,-0.250411914118685,0.444901278587955
0.0248826569688807,0.794305369093096,-0.361830415112939
0.00200761151797059,0.527994690107902,0.510407609328294
0.314453105112345,0.132764711501879,-0.583497624613845
0.236888807235166,-0.607711658655833,0.128589525088657
-0.546080019601202,0.508411910433138,-0.656908548774137
-0.199398778892553,-0.812384242192841,0.1985926999595
-0.31884601481011,-0.863614537643079,0.337493022164173
0.0163359031977097,0.0213156667511034,0.760024304972451
0.134143968863652,-0.624647937340233,0.443462526412032
0.175786977413896,0.808279169694712,0.217269019403029
0.756763982592642,-0.326498794746247,0.514251443148014
-0.43092893668083,-0.219329648650263,-0.468872955270106
0.0892704963113355,0.0800130964255706,0.418355531752205
-0.541512042375711,0.790638735654283,0.052417522188211
-0.492868354329803,-0.0566539463948939,0.354990892062595
-0.534645766414941,-0.139991971352769,0.816366815454992
-0.646343945582034,-0.438479236524916,-0.327649249441469
0.132292823576104,-0.559703550394694,0.357480920776137
-0.315712092937127,-0.457439856960095,0.66046678220819
0.671656987526386,0.267383765936845,-0.645698128381411
0.466500537596381,0.453878306569326,0.030903406712437
0.117735003216205,0.299782101690613,0.144959054394742
-0.0662719099203624,0.656038110137649,-0.184856150286944
-0.628796748429691,-0.286963486749965,-0.59671373540778
0.410254425825219,0.628031759999681,-0.286090941162897
-0.623435618705591,0.396611101480518,0.623785895953926
0.899351272116224,0.00403006548910171,0.104996397486012
-0.0772288185887541,0.633289567676556,-0.374067671296233
-0.167868063161682,-0.505045423674508,0.12864701185884
-0.107043969310608,0.451452882113494,0.822475316811424
-0.531023925999029,-0.534550136199962,-0.22758655982348
0.441103332437713,-0.159901366120389,0.486995105725938
-0.492796625594071,0.457311696543837,-0.619265941235013
0.017285836768265,-0.377696449228225,0.508467299704113
-0.351974476275436,0.305678867094475,0.787847508238114
-1.41138152149111e-05,0.17365327499451,-0.560773916206598
0.131671410108139,0.423209063674021,-0.376077747901217
-0.16328162765388,-0.623391915806099,-0.418997023910448
-0.2837094287356,-0.0864597512835926,-0.916715228301142
0.546111946397271,-0.134589089414762,0.820170872985579
-0.270898001809234,0.508095489134103,0.769422108154601
0.361219712315413,0.202841338470896,-0.287605799322671
0.81369713583671,-0.246030988201141,-0.461267691210783
-0.139198509126465,-0.215318319632209,-0.36610525472707
0.334234739342756,0.354401271982348,0.0319871312727498
-0.587610449459722,-0.245683039069454,0.488773875199959
-0.0927235574072272,0.337725501376233,-0.730052337270836
-0.57722811266182,0.0157684918594328,-0.732827638848095
-0.26776261684258,-0.355191485981599,0.571138085511494
-0.2299246569857,-0.096493981944619,-0.460826093253396
0.452198587785605,0.534486650817921,0.341113077477195
-0.263394117321013,-0.129109996778107,0.272350536773137
0.123713789331275,0.984363605379332,0.10354071985257
-0.755509143967897,0.0476205343095478,-0.341760780850716
-0.663066462622821,-0.663357163886332,0.276141415711603
-0.348613608293214,0.837724566222445,-0.240061077310968
-0.0661298151425092,0.12406752568677,0.420641840481194
-0.0916940540589967,-0.471684962844428,0.828106922980278
0.516415432054761,0.0744682786612188,-0.364279700773343
-0.655395913978745,0.359745025227154,-0.483811699460539
-0.133007798537203,-0.0431915563900424,0.813955870791796
0.212033375916437,-0.699182910506902,0.669101200790682
-0.0849259336974164,-0.509623627053956,-0.663887484416312
-0.408755436972717,0.0514176608581053,-0.807252580370274
-0.333881129083451,-0.374740219331205,0.00714236988274755
-0.763387568523506,0.375635697364569,0.240778802807891
0.358355165056515,0.276800692298429,-0.154672096745953
-0.126145061435775,0.491315800417887,-0.447400488812397
0.512331023543294,-0.731325493663051,-0.335352159528505
-0.525915336848196,0.461467266946591,0.68869548978339
-0.366425970776467,0.353893134108424,-0.806774880804527
0.003800594909909,-0.164502066920616,-0.508510070861622
-0.400238268713714,-0.249817238584898,0.592054912721105
-0.192041862296117,-0.697491188838641,-0.576941263951141
0.0136442576154596,0.852771163742482,0.0652868017068443
0.197735464295571,0.560795860425553,0.661250607016054
-0.487898420920914,0.427851666707864,-0.207364043943097
-0.167129191657137,-0.373967602011801,0.428349581689624
0.0974118217286032,-0.319924320092105,0.886300086917759
0.446817783531409,-0.677370474041836,0.107120354420159
0.161392992559595,0.0787748878969375,0.938303693423151
0.118338909918682,-0.153181268696062,0.870115586653073
0.353105485385934,0.203909484696888,0.34176907383548
-0.712205718260979,0.306453770312327,0.374379529943814
0.179210112305347,-0.807946956096251,-0.179550756413484
0.225011788010654,-0.547001636988022,0.668731384412051
0.532104132690871,-0.278535603983959,0.659071838320998
-0.116357825821481,0.466874751098302,-0.444723817571881
0.211967938115075,-0.544115596181869,-0.660343641069886
-0.58067321112233,-0.434630390719092,0.664293509382627
-0.0779580233427837,-0.177527358905387,0.473956494996076
0.423841617204549,-0.571086059353821,0.501998504170685
-0.11869039238351,0.144385722451609,0.688392454495745
0.610160919314905,0.211975157760176,-0.650136879052955
-0.246406219655817,0.114861357407115,-0.552765593846355
0.294796891560076,0.649558235334808,0.515318288905552
0.562631241453139,0.746273380544966,0.329375127821277
0.311797994245388,0.939569138159325,-0.0686387950225116
-0.306249604175884,-0.877665387255443,0.0305394323306587
0.407249655433295,-0.366231572651506,0.278966134272451
-0.884324059274698,-0.259935783797008,-0.164474725666248
0.674338050875802,-0.592069369172241,0.212852547005624
-0.524644890952667,0.452935350030773,-0.358548589148217
0.576226123839173,0.388089178582141,0.213086117168547
-0.047568038866855,-0.830548337978393,-0.108545799525681
-0.232266567565045,-0.417827213592193,0.864577348997675
-0.378548110520959,0.180708798247114,-0.424655939879431
-0.530024179051795,0.243721673391792,-0.535704719745437
-0.215440697036007,0.843601436932696,-0.000704101493755226
0.733425415609847,-0.48650080025798,0.212973388521773
-0.385393010456525,0.366652573695396,-0.418577773089634
0.150608519332912,-0.346533395998565,0.574101741083909
0.370770218871033,-0.538355001628742,0.738008529750672
-0.23301930397068,-0.808137387525383,-0.512395223191698
-0.129658233387629,0.0243983303584292,-0.829333810952788
-0.359431859365723,0.28654270975676,-0.837469103548069
-0.704016659720542,-0.466311670858578,-0.485571118492987
-0.877139786817628,-0.223150213270876,-0.284382423146758
-0.259487585047563,0.148937826582614,-0.537771618747207
0.237922960525603,-0.511046256297601,0.0423299321111897
0.112614998085011,-0.489932074143363,0.441334209929406
0.240412521646284,-0.662693416591986,0.16249866381915
-0.203906413568816,0.0147146889768722,0.53462495616226
-0.0435411539109298,-0.134132709470562,-0.626900816331775
0.0364065967365251,-0.41335290697086,0.107248660306415
0.182836897171368,0.270767107303501,-0.447469284065615
-0.284348956864848,-0.226674443112562,0.809842302793203
-0.240976934898874,0.471779704301488,-0.247347141923813
-0.173263986495878,-0.511353175469904,-0.829052540648058
0.790664172827797,0.399964716415631,-0.416271788340786
-0.732367303108227,0.185988153208424,-0.55005712271062
-0.0932543839099051,0.362932412636017,0.694707563051856
-0.796334546797926,-0.38605609687955,0.213030302426594
0.153763737384124,-0.0469445717168465,0.596374047064747
0.911183263271346,-0.0308390012143426,-0.238386602276654
0.479386406824369,-0.0181498237171562,-0.666822178514228
-0.114444932043588,-0.585482764265086,-0.364130816297356
0.328492213038323,-0.226213664643761,0.760296336095425
0.537513845170888,0.0411263862183606,-0.360233402866631
0.178983620004739,0.152229807440204,0.76159368519263
-0.478055262967811,-0.556522302611973,0.215775352888645
-0.634097947699473,-0.366571341941216,-0.516193650667158
-0.50402237111151,-0.379868494299244,-0.0804828349203653
-0.235679838390688,0.254951283476631,-0.929149726128471
0.403366926527305,-0.346073964366905,0.433934941707551
-0.539229489377606,-0.00378952263718007,-0.665479811017549
-0.155529320529773,0.0306012303617517,-0.368460330639175
-0.270705921763508,-0.418727838261924,0.543377272261551
-0.270198434561175,0.664911619616097,-0.516162064950312
0.242792315227237,-0.194291774606362,0.785278815753416
-0.364398007038159,-0.652425143241199,0.374389499998476
-0.0260077818182223,0.696927097721799,-0.215235459668789
0.673421441740631,0.143645170976394,0.5069920832894
-0.449349943637582,-0.429796935781125,-0.189816443600031
0.0922041524760383,0.0573852604091855,0.935438414273393
0.362922163013399,0.253072702751681,-0.644714653974341
-0.0841862580590744,-0.316092030063528,0.419282934639519
-0.0514915838345396,-0.256345826703162,-0.111083337815267
0.0589853122262299,-0.556602901730082,-0.443069595033951
0.225351790752567,0.706834703330573,-0.181221291153498
-0.231024038280128,0.0687216424305746,-0.482598190651716
-0.468420992709935,-0.330455730135659,-0.289801668861376
-0.0321931422932279,-0.161593782849159,0.830908219407567
-0.430525791001726,-0.364301121216599,-0.480440691775723
-0.0335365350642192,-0.103820595129292,0.57765881985209
0.00952878041664967,0.496710969199145,-0.138410843105774
0.0783890375552489,0.2065708258625,0.642670332685521
0.282922321130183,-0.131907017136352,0.418998488437686
0.387104624453431,-0.453602975318227,-0.410702207106433
-0.254418374873906,0.317608854392584,-0.463049728157668
0.72375849992538,0.159724207053292,0.228482457622776
0.129887245387548,0.516758827595932,-0.190921386063323
-0.0742115927554705,-0.398394052157523,-0.758701730669488
0.258552332987711,-0.212248712863803,0.280590928333796
-0.554038022676416,-0.148468707877955,-0.632198441384253
0.260082913999635,0.560803529917144,-0.40721093822287
0.251098428116861,-0.0321552433527851,0.353504871975485
0.10988595826674,-0.333506560917705,-0.731138598968755
0.768193954191096,-0.0120660994470015,0.345997477528058
0.524823852331774,-0.051825479591781,0.671078966530563
-0.266358700425104,0.443053097932447,-0.664761191258862
-0.134304417921111,0.510277564513808,0.443839054288095
-0.12258030508256,0.0938195635890921,0.516090103766253
0.525749998430023,0.566201212399588,0.0625814053101887
0.674068004105567,0.0261694647631348,-0.613153859122565
0.342489525012412,-0.740358777606664,-0.199167038020833
0.529433112867547,-0.457272038669516,-0.637256442587804
-0.308777601569761,0.520256738729242,0.380341422390905
-0.439033537553504,-0.137132584900622,-0.754421244404176
0.0731342482397489,-0.533117462788121,0.23207017863049
0.276329777114055,0.26384260026109,0.656988363136499
0.543143995340853,0.470333048646581,-0.277190457619655
-0.237321958809537,0.574507523267483,-0.689474794438573
0.50797038678937,0.564590342591686,-0.128349254576126
0.881225118696041,-0.354565442795478,-0.275393252311528
-0.801806527386666,-0.00419601229156756,0.445059546482982
0.729783640667586,-0.0661132569473258,0.473656128711395
0.217842733278338,0.52580895482467,-0.775662144145137
0.172728997281626,-0.526120939407537,0.0121948788006934
-0.244002744071176,0.295816375835208,0.781506200315184
-0.767601603449202,0.0807482686344148,0.358578028984432
-0.119863564151806,-0.189782401562694,-0.668482981316676
0.540260629574681,-0.252397882325095,-0.571058380783226
0.32013976738595,-0.0346953918697219,-0.896212334401684
-0.177862580949365,-0.77878168118692,0.55364583034021
-0.131476772005122,-0.0162519864328055,-0.507164471116488
0.250414245384812,0.067562190241498,-0.514277857879002
-0.597140455558526,0.104278043036122,-0.618561352709596
0.236100421468389,0.346636188835093,-0.33563861121517
0.559829993263278,0.142320748035981,-0.750674416552181
0.0779080037093296,-0.439558454183214,-0.181295254170382
0.308119779606181,-0.767121306828396,0.172332160807217
-0.20521820504351,-0.831937123858078,-0.159961618089885
0.159465042906874,-0.333561392768433,0.223265110184178
0.579243159906898,0.496585869635268,0.584112869617988
0.493055512400189,0.362225223739054,-0.383880974933111
-0.279726885225079,0.333376428861568,0.492450929940604
0.432117390674689,0.689432443331909,-0.482672121194527
0.501072197651319,-0.429046401903625,0.310753908065678
-0.706475251632319,0.473286555974404,-0.210726757293638
-0.414095113782335,0.303138954383609,0.585451346959197
0.0429302452835962,-0.391234790421714,-0.0749705938287903
-0.000937994094104041,0.732768013167159,0.218210098579817
-0.692690711938322,0.367375253775356,0.462525503230132
-0.0219801132747944,0.440771981690825,0.320304597656393
0.833212798884626,-0.135513200955394,-0.167944090434976
-0.851336463835218,-0.0353347648548094,0.322933238777282
0.097675327862868,0.881463853053597,-0.209506034391681
0.048034968641112,0.702406191469081,-0.600653047452676
0.421008269602646,0.0662267119366819,0.625652153611522
-0.218297412434376,-0.397686078659069,0.853940516470753
-0.747018665203704,0.288728572327346,0.38953976448024
0.429272453580805,0.396928883625846,0.280067555211758
0.574577932938159,0.0383273061699435,0.479495127959206
0.285578508429142,0.546576868665323,0.634638102795264
0.574056339449099,-0.554255368095749,0.509915918979246
0.15493874781158,0.136523600026884,0.583751928570515
0.55748184576448,0.125897290294411,0.412331481214653
-0.350168793025572,0.340278336891366,-0.492563347950638
0.761999849997383,-0.0664626712194389,-0.546221573595867
0.481264616124215,0.499004916633493,-0.665657279897142
0.430521513907821,0.406165847459939,-0.642975678406361
-0.197146066358783,-0.83928174277138,-0.442505142417886
-0.423023711719945,-0.264202338733314,-0.547081308223103
0.764093640312385,0.568059502911064,0.305486073624073
-0.280365291227704,-0.387898995461463,-0.841853088610979
0.709822658818201,0.262967182800105,0.476859677138282
-0.800187635516623,-0.43216805671848,0.322731876158891
-0.351432407390392,-0.278992580641548,-0.170346857279636
-0.888036706963595,0.43497635286568,-0.0340062491681564
0.262152235397023,0.262291580250878,0.884158673433482
-0.00640851098230628,-0.292752188986274,-0.633642519095103
-0.447276074825544,0.286575247573431,0.82560185087157
-0.00333356384988078,-0.461565939829089,-0.521960847023356
-0.374333736020797,0.554401131388671,-0.630424989291982
0.595244871983279,0.0237683735193506,-0.474431573320755
-0.250548446013227,-0.588361423673614,0.074350641672097
-0.429509607360561,-0.111839150100037,0.832830739290287
0.080637689675914,0.572364915295576,-0.340990816473568
-0.439425577718944,-0.103618210442306,-0.288612855890471
0.00051894957233482,0.116277132655873,-0.860282958795324
-0.495138265657263,-0.657905090047259,-0.558277919480671
0.0808229796997429,0.059718475945385,0.924210863595525
-0.0133208074315988,0.0556783722328649,0.58415380616012
0.795687204976057,0.286362776215214,-0.485603660448379
0.298129478131048,0.451347515075702,-0.260682180546059
0.382333344344099,0.48393064847412,0.677394929830003
0.666524187930362,0.319268572394643,0.576322812746653
0.20106078614589,-0.317858013459178,0.160076672415646
-0.00186279348587582,0.388556587776782,-0.746678038363352
0.328749643862914,0.50085002139795,0.596738480657412
0.0847781089520801,-0.0253894020663467,0.663774509545432
0.595304645083447,0.0150241278070026,-0.345965916030148
-0.241030399650943,-0.215977555863238,0.306663737267011
0.493059078330897,0.505951562173018,0.600387978418626
0.00846391664178078,-0.918041381882775,0.334209158427706
0.39699890629791,0.0402718049976203,-0.507400320007165
-0.32315740503434,-0.108019377941123,-0.902546045910033
0.411623450760065,-0.251393875783868,0.707088868860901
-0.102404391837176,0.478042993405975,-0.185788187266127
0.00910223734634388,0.11842680499873,-0.778460432878994
-0.127459916129655,-0.622893599681033,-0.359121133425222
0.376920532112291,-0.642749000994646,0.20453268485028
-0.195825124442631,0.257581394908652,0.681444856242552
-0.155041437702816,0.770521961174318,0.417704845750119
-0.176608263780375,-0.684180682943235,0.079356531283239
-0.100660776751229,-0.461791963636894,-0.274176583940897
-0.311598805157529,-0.145528453331782,-0.681259151947593
0.488331783493468,0.611000231951597,0.122711427971369
-0.174707818246804,-0.491545882699254,-0.704242158205445
-0.132294037654291,0.749938060172767,0.356246900401417
-0.677107105145361,-0.0128845095838253,0.652016064506618
0.0816193606096784,-0.309690311132128,0.429510630470086
0.194484743466499,0.791905905387706,-0.183040881704362
0.182154493508213,0.754010974519246,0.153788318560928
-0.670647947579676,0.371262889713788,0.0511907094642333
0.290805582497437,0.490074737635672,0.299852791646983
-0.280674321896869,0.15167607916921,0.749357137303763
-0.287339423699913,-0.537326797599588,-0.520531617271042
0.0617788632186107,0.734987156097928,0.552255514932822
0.435524842352382,-0.0889820582353291,-0.424634446651319
-0.155890375427034,-0.211091921376792,-0.689545929756275
-0.653005915103551,-0.451230630776614,0.46922541740417
0.346282871970379,-0.0492375952146272,-0.609388432838817
0.528848062225464,0.379841192345928,-0.267905741812422
0.755128904849252,0.624778069728962,-0.124431108393772
0.0156048899974474,0.533134939439026,-0.171781633961313
-0.553046854477095,0.673611304814552,0.41400221866908
-0.577983630400163,0.268084718434427,-0.380848608710257
-0.899088764712294,-0.1521718690567,0.237640742429914
-0.745215380558558,0.363784251391061,0.206722326896261
-0.571209445542907,-0.346331100361653,-0.234628252779527
0.363104611778601,-0.104811100774939,-0.619462940509315
-0.0100577711586499,-0.943531501781679,-0.0975592218331462
-0.340138293472032,-0.794175089478261,-0.381341426309394
0.277124948199238,-0.159876695246622,0.469976053118733
-0.0496367382909202,0.389822518070147,-0.432288915934643
-0.411239662490564,0.581036306860525,0.415426373665642
0.650350758321978,-0.362961825254158,-0.662184653705956
0.130806471943081,-0.618607854053255,-0.00947484204391522
0.111294815757867,0.375492179438121,0.458479796964037
-0.694901682542447,0.0445736535063529,-0.429643446179944
0.297523587917664,0.525910446722035,-0.630997997674508
-0.106035708785837,0.875521646118269,0.329959103641268
0.296579818777667,-0.724023618248868,0.482133027913289
-0.0120448301190312,0.0294420508914405,0.504898724800899
0.617274218371075,-0.0546795810362266,0.650078234813416
-0.623509399885482,0.452955179396354,-0.236738609098687
-0.361545687704941,0.613291405730539,0.45052908580563
0.0415263615710897,-0.520357714557614,0.0672310307050231
-0.841468530396172,-0.0987348463749192,-0.452335229223941
-0.0553389979866519,0.332596886443377,0.222276398959857
0.0146596604028858,0.345231513676779,-0.255562115223185
-0.0767453889674464,0.858495455935813,0.232092363802504
-0.341944948165294,0.587931040934015,-0.401792726932637
-0.0806156147688022,0.429967388881219,0.624486946157894
-0.577340207811152,-0.699144597852409,0.0104627892053828
-0.405400818156229,0.0859816726144681,0.555694727549588
8.34085526504863,-3.6282357065869,4.08261316339488
-1.1491818051785,-5.46304041714037,4.9504269173927
-6.80872249913612,-0.872629660385882,5.65224604743141
0.305990773179696,-0.828207990697317,7.22736259872751
-2.56579818631766,8.58885116811578,-2.41664858347366
5.71053026109282,4.62902192125182,0.273436105849496
-3.50034305007241,-5.0524645107945,7.49399123065191
1.34333154961147,2.81616472408664,1.9168993173407
-1.58433822333366,0.230053124923686,-2.97577829182541
2.14300323550696,5.05073351480579,2.45081631735985
-6.57547639610636,0.751533617939574,7.38442284983313
-6.93019923750065,-4.96231201771616,2.97477684667774
5.57430197311965,-0.551876515652678,1.91251852900671
6.37408974317082,5.9854993805938,-1.1004559260102
-0.478314827134877,0.54407481813082,5.67703058314626
-5.43451264313655,0.059073186394438,2.66941660755724
-3.99140094245364,8.22924336443972,1.02913038311064
4.84205444261956,5.86243527648853,-6.13728173273765
3.14789987154818,-6.21299806517418,-5.93981722197263
-0.0570111097926083,5.3423951240288,-5.96025759478998
3.01428946182487,-4.92686971768372,2.57360965086987
-3.86506680520144,0.592293599308772,0.377607581636181
-1.36915449966315,-6.77508116810685,-4.71773542136838
-3.17144804321481,-5.49304865466468,-0.892359671198786
-3.29824782704656,4.38602921353641,-6.67429048476784
-2.67991185222853,-6.03638362930145,4.3120414452466
1.49002716211374,-6.95520415329306,-5.25068468884199
3.82196051540451,-3.07151540788958,6.23019972075477
6.58287578868063,-5.44096896933143,2.01556519821937
2.68138276118077,-2.68730171709301,-2.08643269625856
3.55982131620794,-3.98785486871519,0.00350638633762119
-2.54398290841434,-1.90023104204793,-4.95209749026624
-1.09768436775851,1.85489684948773,1.75556707172615
6.75675392509076,4.0239875903753,-1.95791706906912
-5.04111987723073,-2.14585845723764,0.476134625360236
-5.14493839701032,1.19054058649233,-6.74559548962199
0.743155179239559,6.06305752485386,4.49375110653714
6.73714589609131,-4.93824014538663,-2.75957813257861
5.63483308868253,6.17141519032303,3.77640371189118
2.0516463198985,3.70459208049809,4.28136073527509
5.9759230439848,1.7793488236387,-3.59948202662724
6.44282168376868,-2.66202398037006,-6.37277899861598
4.20340455548204,-5.98030374210089,-4.62223205123764
6.59405756848465,3.77729065920356,0.885942464604074
-1.09358269807114,5.585488933589,-8.10976229525309
-5.59016005112294,6.79349716956672,4.67789897410885
-2.58961840701509,2.17003077885767,6.99552973132327
2.5690446034092,-5.64465326385873,2.61495663044492
-5.04581146511099,1.9447366660874,1.00610736050151
4.87021625725497,-5.71170255395471,-3.29766098227875
-4.75628953277583,2.78529928630805,-7.83827309302133
5.01636963939943,7.59375734782122,0.250818657653458
-3.51782229929652,1.49834908719471,3.6291074116523
-0.567341961625715,-2.60632439047435,-1.556447299563
0.937521489642442,3.60367686044671,9.24433167475277
-5.55260081545563,2.97882372204478,5.11806763445457
-2.1079482882808,3.74800897458708,-4.77799452665656
-7.48997811027566,1.87119237034958,-0.399392131658535
-6.07925433460539,2.43237712715588,-6.10216028884101
-4.6714611357873,-2.605423655595,5.13555346530849
2.32966077516096,-8.80839431285687,1.52324146809018
-2.52807368656387,-2.64794420272964,3.06709408382848
-0.56868556503932,-8.2944986312987,4.67607739588104
3.61404942253158,1.85896021211611,-5.49446611997311
2.59734607381332,0.791513656838991,-4.8114970418478
5.57908190857935,0.172680049690579,-1.01075584940057
2.27854927885094,-2.07435716887801,-5.9666345517149
7.76585548807395,-5.66068785915927,-2.32836317798345
1.78644271862625,-4.58564445135866,4.49587463551051
-4.93390832524238,-4.91172340029936,-2.55021612198477
1.60031065033778,7.12102315012938,-6.54125652165011
-0.294958788799679,-2.21938603897262,-4.14837263533268
-2.72904865564913,-9.08038300361235,0.484020362560957
-0.947037916328347,-7.93188118322949,1.48520779478239
-2.39762564262964,-0.204785701780516,5.14388003783314
3.34016084474648,6.15884054853373,-5.89133504513843
-2.04064000560575,4.03230981077613,1.43265525726411
1.26008384048205,1.38328593310258,6.10992599806004
0.778709474172327,0.123789114344081,-3.30246761832053
-5.95149500097859,-2.58794790677036,5.57710994840228
4.39503673847904,3.93904890043343,-6.79821630308899
-0.115659731804189,4.44681879852173,-5.62018559965931
-1.17493789313202,8.19659558864384,5.46024874423285
2.46879219965921,-6.7711572843008,-0.193277791014504
-4.37902424790248,0.99314052531958,0.528012762863888
-0.810745022437494,0.846418381208131,2.88193676282963
-2.30502740813629,4.76918277234669,0.992368716086951
3.33194663247602,-3.80760363129961,1.92606941364994
0.167332962767093,6.58262998573498,6.55483794171163
1.13577666877227,-8.43745043478632,-4.80357262867972
-8.65316447433813,-3.80751287720589,1.80981566361583
-3.92705880207447,-7.1969347821385,2.10629841588895
-4.846565531024,-1.05419651023518,0.114715962201801
-3.93167357731374,8.71610071858647,-2.14887213204043
-4.01372674937306,-3.04076551731749,-1.54386581012591
3.83679741294823,-1.26581812822819,-5.16492309744376
-0.00471837937469658,4.81653380329771,-2.57249999240255
-4.04272487205875,-0.571626315432746,6.00074301641287
0.228868971927209,-5.94339563500253,-4.99582512846134
6.66577414074995,-2.83042749525114,2.81404898880522
2.98602334055898,1.83521127857838,3.01974445734922
-1.66553107971196,3.75448363927674,-6.02477519878899
-3.2576947592675,1.20169878527207,-6.97245802724427
5.50282118396828,6.76286188089875,0.906346641523438
-5.75582247177411,5.08673936893492,-5.51436242192222
-3.6521007862645,8.15003086042593,2.54070836521504
-8.93016426851846,0.126898359053138,-4.4357024689092
-4.13582380143991,-6.51161388785211,-1.29665275078597
-0.662630640159767,-4.68128342140639,-1.2476168210743
4.32559586302674,3.52523681374545,0.205538727482379
0.352621722406489,0.920277206834562,-0.568418591206359
7.23343300535618,1.22047933434479,-6.17296345327609
-7.40220452281027,-0.352680083213657,3.07295774773455
2.92758130194881,-0.284147153139351,7.53329967605331
-5.10733811807594,3.25588146886986,-6.22191749846795
1.38144631157578,-9.37907898831105,0.970318231772653
-0.850193349111159,-4.51389659745944,-6.7938418896625
1.61241319860066,0.252864052456458,0.260372647680572
0.787176646327053,8.59635206676654,2.28830283090914
-1.35710853274592,-7.29526404484757,3.41472199571066
-1.96436457221249,4.88325373512084,-4.40212824458295
4.82848191283966,1.60296748136977,-7.78204936387428
3.98026290798999,0.136191442881367,-7.10264222550817
-4.49474837972233,3.77175467826339,-8.04274492010794
2.83813054945877,1.31541629087719,-2.08322084835015
4.97068763708947,2.38538898923372,0.54142916218002
-2.02220608128176,-7.25167125697915,-3.89014235326367
5.19124745396445,-8.45665520859808,-0.358590581853145
-5.35644760914306,2.60642127548931,-0.115747264312947
2.56521666842835,-3.53719915841212,5.19488072772451
-2.25873658283131,3.40983653945049,2.94331997480483
-1.60009312348207,9.43802651253663,0.171573643212704
5.31956537729918,4.39026018846561,-3.45529823499042
0.87670907917255,-2.70451023659135,-9.03889254049514
3.65417673765139,-6.77460916403184,2.09844686204267
-3.65572604373361,-6.64218030153152,4.78202717474212
-6.34136954370915,-7.1147262131081,-1.9240151679329
0.2621908351445,-8.1031270882745,-3.76652144491311
-1.30835374144964,1.9628618269942,-6.87984778874366
-0.45615465366517,-6.0706342720195,0.693941012930488
0.91748267884177,-3.1141498170338,6.19454201249825
2.50179491448262,1.67955049973918,2.23801601853497
6.85945647244986,1.96474745144429,-2.36408222041651
-6.07521457143548,1.45880556449841,5.3024728426442
9.39407987360842,2.39365774143832,1.06652302299989
2.39400626903852,3.00718547602315,-7.28542578268928
-0.300455370901449,5.00351621128451,-4.08459006379739
5.77006707983757,-4.18848020590806,-0.486693613456686
-5.83673105415021,3.0381438697817,2.08611004870673
4.12084820796436,-4.27642123669086,6.96616399651184
-5.6031159916905,0.604672923003596,2.34947947221197
-4.05251320903785,2.9825389449026,-3.67208783920636
-3.84897945575583,3.58621235088035,6.99829488511194
4.78656850714371,0.596786101042539,-2.88161189126921
-3.2234405672002,3.54963698798763,4.71902497806981
0.97622139666741,-1.26499484051531,-6.62952716543563
-2.82416694402135,-2.23911622742583,6.3536222600294
-6.77100851508206,4.27332539189258,-1.67258829991933
1.44870315178948,-0.686839700969674,-3.91791976797821
2.32969999021272,-0.961322284929959,-5.98924464790156
0.868844192547902,2.75343136133637,-5.49828946812975
1.73154872013067,2.76605236655735,-2.6349547355805
-0.224940230766132,-7.47741780977484,-6.09394414340457
-2.60961520624165,-4.87001368009425,-1.00278058271271
6.07694845548975,7.53166266265631,-0.864824553389688
0.816428703453863,7.06363865806947,-0.404579852031641
8.78961092005119,3.31306260107939,-2.12156430561583
2.8376288180164,5.99568321270367,5.62576170643163
-7.49166876067205,-3.7402243449051,1.96439100420468
-6.957194101429,6.58289287518948,-2.82310688174721
3.68525563597096,-3.48324875140634,7.17089569568343
3.0371404814293,-7.07576321267115,-2.4194705656872
0.028259284788998,3.0223132552686,-8.83381773112106
7.24392505046158,-3.63793403328019,-2.1860811879593
5.79509928763914,-4.53434909736793,6.26548843897366
4.85170379230789,4.34936749702222,-4.25228734838324
4.3694579530475,-5.68351908946304,5.89197589890932
6.7255882365476,-3.74178594398932,-0.196649730420831
-0.882060960893287,3.46514275164715,2.24602731901186
-9.24583041862583,-1.99191453591153,2.32529270513175
-4.93012253044546,-6.14056360186278,4.48914725216943
-4.51140246169776,-2.39455185856864,-2.19928894806515
1.1820533367893,2.09300737357014,7.47335132403732
-5.88706573631021,5.04688515847197,-4.07367360839414
-2.89005660484084,6.53466990056608,1.01992335513094
8.59490260658696,4.0982855056773,1.3065554672536
1.09156849996351,-6.74800491023923,-1.45732460814472
-7.90906797631401,2.5502285230801,4.2414793306672
6.59081257458185,6.72313015579768,-1.82964297717939
4.34826790094528,8.00083276132145,1.959267015001
-4.63789822636519,3.70645473174829,7.73299679266828
5.99761053342514,-0.988804397043884,1.9199948890022
-2.19363464557981,-1.86840658455604,4.62228430413738
-6.24638686842342,-2.00018623320203,-0.965494854960882
2.92470401114356,-1.9537013665221,8.3778830031236
-3.21188997000036,2.70276045770193,-5.49827957799267
-2.80624722215642,0.605930055269254,2.65120608661413
3.73447731040536,0.0533375441653172,0.783113431716547
-4.52787178021439,-1.4116693624864,-6.90544218591171
2.81900288077458,5.77199988812335,0.583596141937283
1.40277831827554,-6.28577962619428,-0.339043710625184
0.769736335094276,-2.95857756830856,0.986242368558362
5.21525999236837,-3.48563577106324,2.68097172172155
2.89503639456915,1.02253878318871,-2.57660262719351
3.46855720340445,-5.32772529228849,-7.28237699516611
-0.681598164673611,-1.95489973514497,-7.16158515195968
2.07125022405393,-2.09339648356002,-3.11346448128665
6.07695347139823,3.02021169311403,4.56045553850484
0.935672286018503,7.48145237218661,4.51262334969483
7.81133666662328,-2.6152887520297,0.506368919448194
4.30569033263792,1.51209963406489,-3.27099651203388
-3.86082268600368,-3.2418568231489,3.291635139742
2.37475796971557,-1.67325439061808,-1.17077733129487
-9.16100677172989,-2.44844716399365,1.75199825044439
-3.30529875844661,5.78190651947675,-0.891873347292664
-4.93524091072801,0.271779410312502,-7.03169329713519
0.0536206474687463,3.02730055276355,-0.566257439932444
-3.45074122181143,5.03603646444622,-2.16093309123596
2.15244677689801,6.18058222704941,-7.41967599539556
2.53976829542245,1.11413902395056,3.53001881150899
1.68633208447425,-4.6176083899193,4.63617130576055
-0.0542253171350955,1.70509596156982,0.700009943727866
-1.04326341596959,-5.92407720982781,-6.68565849440378
-6.88560643450392,0.541064169560029,-2.49211739837892
0.297303363347726,4.52229815620512,1.79719263482319
-0.988220345185614,-4.15384866883901,-0.213079312708931
4.97600911257016,-1.49587826707414,-7.10515397547017
2.33712323006651,3.13563767960436,-1.76715808755137
-1.77126420709638,-4.94554057972307,6.73455089816937
-2.78632490469095,-1.18870525091202,3.0194460410737
-0.860174403880346,3.7750916560154,1.30377226751679
-4.13984911683734,-1.19290464247463,-2.93683632979464
0.898122482704044,7.94841663205292,-3.25885694641965
-0.240028681639656,6.18244601482012,-1.91268318098686
-0.49897136562582,-3.83688447820115,3.44985227531615
-1.1023073461379,3.71383454298014,8.81948213803295
-3.17606027001854,5.73448721205657,1.7929646655821
6.14147385691025,6.1795888040568,-0.858934768364955
-6.80571535219128,-5.72527353474169,2.24230085450406
5.20709788806307,-0.519562732975217,6.12723154907243
8.18103790052465,-0.159275516010045,2.55710559793633
2.63410703099067,-4.03297953704512,-7.89917821743915
1.64211859259423,5.03574682439553,-3.57888958411445
-0.20566539425468,1.64648115128345,-1.3861885673979
-3.52670194272988,8.58649839797265,1.36952463932485
5.91542139523361,7.24459826245613,2.10636621590588
4.1414025592136,-6.66113002739692,3.81829661562248
-7.9955435167154,-0.186571329943438,-3.40078556275426
-6.80833813444347,-3.75120934900109,-4.73546192084584
-6.98417194938762,-2.41374564524572,5.03658487113774
3.67347187457207,7.10615233450697,2.66325644570067
-0.0427004112339903,6.31114655064824,0.810245484456767
-4.86814192675069,4.66112797135397,5.13306222214661
-0.451454720025014,4.59912252378912,1.85361563786713
8.64887900779251,-1.19791602664203,-1.58331125848037
6.1868919951427,-4.33700233251143,-4.79366620873405
-0.416946614249147,2.28563278519608,-1.44489401535721
0.836346863698599,-4.67153049193506,-8.34089351045624
-0.174098512400987,-0.102943638822573,8.97668775970367
-6.06218244074133,3.04526734287917,-1.49735182332098
5.10629404536842,-3.65697486959939,1.6279641386732
-2.81918009445588,-2.53177348423287,-6.85763432984388
-1.12457346005913,-4.00891809354987,7.36450060883877
-0.0847794017379418,-4.77498573736022,-3.16223666482881
-2.34091968293511,5.76243178902924,3.35732316802671
-7.22086140683282,3.69858483604715,-3.34134023767237
8.6765599522425,3.98398044823506,-2.48044507348306
-4.2124157780543,-2.32491215004787,0.757709393495746
-8.24414340427312,-1.19155989098165,4.99329841587382
3.44026086719911,-2.76802418264665,7.72416508606099
-8.06406796459321,-1.6681200464659,-4.09997318985937
-2.94064316191157,-8.07575298668764,-4.55780320275198
0.361669453796445,-0.406912428212537,7.85306627316606
-3.4830385315046,-2.53827464011119,-8.37613535556567
-1.47289665355263,-8.49562255715236,-3.29642051291945
3.22210955060399,3.71653950945515,7.71473613304809
1.19186013462222,-6.32463831409199,-6.42234999548815
-1.77957674755782,-4.65015687503791,-5.60621730746532
2.66652345233503,-5.15593448074446,7.08792208996347
-5.21341246830384,3.87120846920938,-1.01599306277974
-2.13727960936965,7.80859904516773,-3.66906657611123
-2.0647933279876,-1.46061977490476,9.65647678029062
8.34922235529611,2.2661549380574,-1.73173533124811
4.69633445223248,3.82205464310051,-0.303486122187321
2.81012251664527,-6.41344676225698,-1.08140546458913
1.9229306918464,0.512775205202163,-8.66238315593409
-8.77870650268913,-1.97879446491061,-3.58358619923043
-0.852286559316897,-4.67035999457589,5.65433738162068
-0.753807419702174,-6.01015873237677,3.07873264174367
6.20795289242176,3.48858716145645,-1.31062791003025
3.05377841822896,8.09156602823231,1.63270833049375
1.1442812253232,-4.96713456879335,-6.09081391222427
4.5693736040839,-5.18203586385515,6.94928344278256
-8.87293472811141,3.65853003099173,-1.75573670245581
-4.10434446154117,6.89730963650301,-4.68073610770306
3.44097224647722,8.75832012801605,1.17277758448142
5.7026558534782,-0.376108500436767,3.15585782644454
7.12505083033686,-0.941860219320683,-0.872712817237424
2.95489477073965,-6.43069655755389,0.621229923958087
-4.19926423049857,-1.32213853426098,4.80152911785936
5.85464900213629,-7.37761940974045,-2.52301877367949
-3.87723927620115,5.84056485562865,6.07488926926901
-3.58013781728058,0.31062754249053,8.89319102913466
1.82500027223866,1.70509195623309,4.91635602835908
0.877438759680226,0.145854974305014,-8.30326906592328
1.20197893923369,-8.16952799718948,-3.86781296427651
-1.02724617646709,-0.510575156955311,-2.80537036399817
-6.62893259573178,-3.5516084498661,-3.51333959232699
2.5635370123974,-7.0425741749023,-4.30462369895127
-7.25191170812089,-4.33911905239404,-0.244543743257795
-4.68576371182132,-1.05728020308396,-7.90382165013625
2.02295022210529,-0.112634672434413,-7.2486456444946
-0.44548638280991,-5.58895311448699,7.68568395529375
1.4577741680535,5.72830879549347,-6.86644364308787
5.06788903264966,-5.94434885758935,-1.38848926154878
-7.45590151638187,-1.65320820955756,4.66459748236137
5.07891506027345,-2.13283726295799,-0.289763509184509
2.7240413796868,-4.32745821000455,-6.37324410879533
6.1684293490909,0.0756184688530793,-4.50632728513202
-4.17138840942615,3.00867717764477,0.218218254037415
2.97331802515768,3.39762945665239,-2.70584171930441
5.56539297467993,-3.34226546101531,3.36932940794512
-8.45178587044697,-3.02104456139545,-2.90231333610984
-1.40742358777651,3.00296857619626,-7.55394281261544
-1.71580242585071,-2.47035019548521,5.68864958810571
3.13596509864671,-0.979210873090252,4.18323644193386
1.18855470770874,1.39111344275788,-0.50103228316671
-2.70957914536916,-6.21675830751497,-6.92962498257427
-4.63405321497558,2.02705149018682,0.525967087163578
-0.919622193542325,-1.78060432805698,8.90646186676363
0.364641555359175,-1.46392790626174,9.59413363587516
-5.91322891410094,3.96823409798858,-1.31610417210948
1.59647279087795,-4.65389162393523,-8.27015948015122
1.5233646026586,-4.59472292919976,6.66887759263285
4.24329899311567,6.87500484651437,4.50040086764877
3.70005318882026,-0.15164864244978,-8.7977218059595
0.266128764391607,7.82029662490963,-5.1071653336333
-5.1107882736025,-3.34190205271032,-6.50555102423208
2.34221837655332,0.0763409081142386,-8.27447509351955
-6.33208308842671,1.71028506760093,-2.44154002392349
-7.11170521859442,2.892844612339,2.88323882761653
-6.19480088454724,-5.20912289553877,-0.949205939961538
-0.433127310389341,8.58260790737099,3.40782289787824
2.24255522377446,5.62613405830665,1.47956098602131
-3.31432324405858,-0.299975963623875,9.25544514317909
6.57461592710515,-6.89090481576686,-1.76442696245666
0.557178802041427,5.98608995840518,-7.38045890864847
-1.08977256630615,1.25398644887355,6.58244035053003
-0.641017421998013,-2.05650791036221,-6.06251750169267
-3.25856325663572,0.489226542095929,4.75277454522016
4.88233513982511,-0.694894998422744,-6.31039435441964
-1.2467232994886,-8.18254247555159,2.43551206729842
-3.78821168884387,4.59252759723729,-0.795131886030688
-4.79452716467833,-8.33556381239518,-1.28593803376111
-0.805708900078735,9.16144019096562,1.48179826834472
-2.65069831613694,2.07713482207508,-0.12629932655105
-1.74874222266024,6.6392001983553,-5.02769855403416
-5.35111268882042,-0.305500084072108,-0.206504684261297
-1.83452570223352,4.95969669341999,-7.44451240331202
-0.320974711788351,1.63055121245867,0.688903972568993
4.89162717508151,0.135933103105421,-1.66785307549548
-0.0459902568149687,-8.71205294061707,-0.434467640302645
-0.492352392264786,-4.57155978695828,3.52783170765947
-3.4739029753841,-1.71570070202995,2.56820833723136
6.37962830869694,-2.13599372208141,-6.27322064850066
-4.52627822901224,4.51355430124944,-6.42919732682678
3.61552536255996,-2.19129045184758,-0.943329388805074
1.29825311203996,-0.693985774306564,1.46965768188295
0.326632987930461,2.73254977139611,-7.38685345121451
9.42902530735652,-0.817854060846764,-1.66841395292913
-2.67514521711018,4.78047550567322,4.8120941856669
5.6470217947926,2.08235456589705,-6.52485789720554
5.83138081352257,5.51590782196871,-4.53212926489879
-0.182181401372849,-1.06957720634471,-4.16130416252968
0.850268877208734,8.07093994376239,4.88534998778883
-1.44640512779795,3.43721288059968,-8.72812689818118
-7.69613846841595,0.828499801887532,-1.16450051085755
-4.84975450612655,2.44626292815491,4.48311401500275
6.38460778848833,0.205787820654071,0.67245445046256
7.72503168328668,-2.6419501216661,1.60393673469424
4.97202251970291,-2.36368611261265,-5.86560009450883
2.22894680423344,3.60181650159019,5.90311441304805
-3.71191888169648,0.902583929071267,3.46790249377473
-4.347190264179,0.787836048329945,-4.41813931265755
1.91093754349304,-0.917990049361934,8.44234951436853
6.26434245446189,-4.65943897909,-3.50439003883987
3.61246335053106,-0.320342111848094,-3.74624552674241
-2.89019588064413,5.86877408328002,4.15313215914083
-8.35833131851365,3.33528761578142,2.46768290612318
-6.34457280596777,0.281271382943259,-2.34080468236578
-8.50742712167631,1.35690596952152,1.71819363075054
-3.83186273965485,1.4848671240263,7.26938097799352
5.97783964599551,-0.43630775985914,-7.17636443661013
-5.16568927508188,6.2272245464639,-4.08846332162587
-2.32787188942597,-4.93103869572384,-5.02565278481273
-0.605360269942841,0.982376591997663,9.17561370480507
-3.76656096754765,2.77973991288772,1.67598680213542
-3.73327063562645,6.52379016769778,-1.53406602035844
0.902693623758075,-4.25381036405278,5.42998658392126
6.14850421944153,-6.36730658980327,-2.34551792788977
5.52318693731206,-4.3702672370891,4.50779222889731
-5.41932939720355,-3.89784921490793,-1.5465369725792
-0.582612695945717,2.95703012781668,6.79542488511101
-0.692720960280214,-6.75749249768289,-3.67244916516618
2.18594361673674,-0.767094242437612,8.00874872001164
-2.31660148390113,-1.25309739352104,8.82671264063176
5.91156107003753,-3.17367739579089,-5.50647019716425
-0.409114456613409,-6.8646169003054,2.56044531662479
-8.54009375414064,4.22125880508283,1.3199384561568
-1.29437232869875,-4.58415434203945,-0.465627867322404
-1.38493138014151,2.14303462506039,-4.88067923123382
-1.4247695240874,-1.0722521242802,2.45457799432863
-6.83742886698323,7.00830187058082,-0.288259347360988
-2.2910587031895,-6.88929065409771,-1.63652767230902
0.755631425937097,1.39947474837502,-5.16764571771834
0.568322809454197,2.3506871485388,-9.1904558460272
-3.78696700919435,-6.19508815997135,2.40165782025514
2.48310554880946,0.925566235217728,-2.05078618803278
-5.86892393860293,-2.89179899856713,2.50586270200472
-6.59683207552579,3.75018533670585,5.54907025766439
0.82941744147936,7.47907275644314,-5.50203703184912
5.0981460317713,-0.466172949586407,-8.23492342064084
-2.45768180045536,6.04773979447833,-3.69502788045031
4.42247763094343,-5.87175686132981,0.644860498353365
2.66756209352124,2.26307020525771,6.80215935979372
3.12724875679969,-2.77368433662571,-2.55793559386025
-4.62245767119423,-0.331303958799689,-1.80696921584834
4.68178066532745,-5.92242102057078,-0.109100220180683
8.70306742709922,3.40106497130552,2.6894805992615
-2.05350352552183,4.32706392843948,-8.01319635410256
1.36012004579485,-3.58839222402833,8.66970131774646
-1.79133841018146,0.841140427847362,9.52602078384368
-5.14812318756456,6.16570671958699,4.38637877256519
6.05529559369473,7.08009060825214,-2.9311202045602
6.27530581273742,4.36600944304447,-0.71524790877852
3.34539047476059,7.84798278456973,-2.59613452499236
1.07077463092458,3.76993735090651,7.98255695069764
-1.92143101942523,5.03096444274038,0.814766969385478
-8.18960551021119,-0.987109432211264,-4.01248671114628
9.20646346822018,1.14871881908447,0.802203742749734
0.315020528410465,6.41230619276443,6.43353102187703
-4.79874538790059,-0.607746214639753,-2.09958171438319
8.01011994105767,3.74300752126159,-0.0221653374943499
-6.59095171144784,4.80277868257312,-3.20297617696319
0.324559463855248,-9.47745857704774,1.38297384411749
9.22903043538688,0.79669257177124,-3.59721839978371
-1.10105735422347,-6.4443159476035,-4.18666432824498
3.50434203056921,3.3481517667763,0.792499121518275
-8.97839197660939,-2.7810000209928,1.77527809999038
7.7262251140768,5.73722873978077,-2.16721078842581
2.76396524739285,5.42272972584979,1.93830301056748
-2.39200323462533,-8.273315702256,0.430008740442411
-0.791824950561761,2.20253316392603,-0.458862721220806
9.0667418983148,-2.11845060419228,-2.61300058686856
-7.87825488963694,-3.90577920706974,1.5611827061682
-1.98698251544769,-8.30343022097287,5.1561794552667
-2.79145213544453,-6.59033542334908,1.17033681867122
-8.37948880123774,1.19403601740851,-1.41407209280181
-3.03942160068024,-3.72368138021057,-3.00532559847425
5.60775411992466,-0.578216355907109,4.78646355513854
1.08681806459942,-4.41206741845083,-3.88158400798309
1.43117668549111,0.617650205393388,-1.73463890351312
3.64125899892322,-0.597490841246584,-7.00924923492281
-2.13555535141257,-4.35645352563696,7.28456239734639
-3.02542141856819,6.0517997329114,-4.33887865329701
-7.15875535377738,5.40843664882407,-1.29006346391342
-6.72515052493149,5.70778342296907,-3.65763828148759
2.20848694637729,3.30932060143688,4.98606871280457
7.26157250072539,-3.8021499311962,-2.34430604691265
3.92940918503501,-8.08657329328864,2.80294736958554
-0.748963124552349,-5.05094934144525,5.12481247614642
-6.25548876658096,0.947697282009646,-3.89466404902945
-8.37054569130778,-5.13921830776194,-0.0363675165479444
-2.37661366597288,-2.48755435487979,-2.07749212629301
-5.75885757220416,-1.55183183279874,5.90933730827376
1.69751164260196,2.99118367452305,9.28999898934074
1.46088730716205,-1.39880102827005,-4.17894563582247
-4.07928155347372,-2.26293040948945,8.80245091273783
0.932138725990997,7.00751167010073,4.90019376547596
-7.0907784784498,5.1229220160195,4.46132554975666
-0.305521104052999,6.77753780853216,4.07794787193693
3.32555182930006,1.84074094886953,-3.66939977672548
-2.69177617474062,5.19556621372171,4.96516886788628
9.84003502431707,-0.765527948509235,1.56081242731136
-3.16193916623442,-3.87947947965648,-7.64547209317268
0.596238879613381,2.11657485690872,3.24980285422133
-4.48928088875204,5.2852532720996,2.55366109317049
4.2728177889826,3.06010550601782,-7.28205898198943
-8.08577101430434,-0.633028096993559,1.88746908083547
4.10845347420117,2.94975107927155,0.678286549419044
2.71353892806186,-4.6176197394244,6.69732616249215
-4.50809839317616,2.24847259458216,-6.25006097229075
7.00449666066042,4.55705641825389,-3.5918613404357
5.74905403166687,-1.13549726790242,-0.88610185355994
2.50386215010871,-0.277240726251071,-1.00326931692958
-9.0520528592614,1.26782741086006,-0.459881082969144
-7.7288620809984,-2.46450316140942,-5.79748929902758
3.44922845342938,1.5393397011306,-3.19591572578449
5.57441691802766,-0.336150022512009,4.81007293712917
0.922676277362421,-4.45350034196898,-8.08464641190525
-37.1835762002483,77.911220936014,-29.8398622912326
-33.9532503045209,-75.9566542025603,12.4672368804717
85.9538659183346,16.4441847860158,-30.1538548288395
3.72903467852652,7.10629166659035,-57.501370761827
55.9270687705062,66.2285602025012,-3.78639507597541
-7.03723150100041,53.8707869907536,-14.7634474843949
-48.4673199428398,12.0917742715876,-47.4070568817625
28.7997604537952,6.49281236316983,-30.4173107896394
-41.6905154363567,78.6973395751496,-27.0104783761079
33.4537422573045,47.5570649995096,-3.00539972293174
10.2050656949137,78.0043115451013,47.750185322122
-0.752845435038036,10.6749616379265,-95.0009338868014
14.2416681780753,41.3066584149879,-3.56702022116865
-68.5220940758292,-58.197080563377,-7.605537496335
-53.5865576901313,-1.01310126096367,-19.2044799332839
76.8090044296746,-31.9257227824321,9.96913631586967
64.0033920081822,62.1939875761362,21.9057394736218
-29.6457588432269,-21.5245083575609,24.5459878023508
27.7354322206762,-30.4335332341743,-76.2105312463825
46.1897128700074,67.0847965218093,-30.0468015875628
63.2397333592166,-38.8932055237268,37.7423355253136
-24.0426136965443,18.5089209022832,-47.2168757887237
-19.735276326463,-77.935260124773,13.6752793414624
25.9658328781205,50.8441095235922,6.76560306087157
-32.7550085454238,60.5259845664128,-60.6744202842085
-6.63293925212858,18.3525917936495,-90.2692799620758
-9.20348265703073,68.1029832678685,41.5881731138932
-36.3519822485331,46.4048160425274,-5.53616844107566
31.0482042561185,-33.5429404351733,-15.660438557047
46.3539333625527,5.93689758131519,-63.7813620321844
31.619901272442,55.1141213102002,23.4738178230495
4.37492055802489,29.9811851581812,60.2667463841457
18.9528408968516,-27.7605865069394,-59.7896423185064
-27.4676939706946,-47.6520760737355,-19.0342829719309
38.3768481911941,48.8335537458967,64.03286642746
63.8659349838181,-58.289875671945,17.0753087229017
-65.5852384648429,29.6557455080627,46.6704858389649
-52.8221638878575,47.1688713470543,42.9051340732632
85.9121106581441,-5.46736340246381,-39.9154195987728
53.418156212376,-33.2776037838118,25.8688741801924
-0.10750954621455,-41.8148426624049,-16.2291385556835
55.1077313545385,75.941801274327,24.1236488609012
72.0247231102061,-7.29730978780417,-63.5832691799912
18.9436798287525,-4.50463950164104,23.705291046884
-39.2045327549478,80.8508989617148,29.3374653157747
-44.800302929261,-43.5748382103762,-33.4988634096201
31.0085269370325,-57.1112370048209,51.7237972416833
-69.4149721819551,11.4237037242906,70.2677468907625
-54.3976698657679,-21.6105846717534,32.0600346948064
-55.5019336778767,-11.1354729335157,-26.0056990315392
73.219521393856,2.88102167682088,-0.956422242823772
15.6751037594555,29.2110147114736,-29.3062806625412
-17.704233861215,31.9742248701874,7.95491719302392
-3.72785325707445,-23.5900639972424,-17.8694402644424
59.000143354513,18.4991611666107,-6.83163543280254
-45.3173172491609,-28.6551881610707,-23.6236391682701
49.7203339620556,2.96857265794072,28.0215365197631
82.7525803251148,-25.341212999424,11.4154022256296
72.6754496712434,59.2600026986999,-22.6253334807242
-32.9909578624787,-31.9696911180083,-34.4714837615323
45.1175216549003,26.7707762618063,84.8375020576035
26.9931942591149,-72.7430272950725,52.2253394586755
1.95456128112342,-81.3370724167917,41.2959595864734
66.3771410219509,-48.1209689372211,12.717021250272
-20.8194061985719,-82.0589259315524,-29.2168166266771
-64.5422916756662,-21.8071959299731,70.8628091714315
29.9895500643683,-67.0392919104169,-23.0293949463439
12.0760747595731,9.82017743896934,-98.0966385776418
-22.6000424926868,82.4915577445553,-49.7349793956645
5.32974820467002,-34.2819368073332,43.283046986802
35.8573445846605,-64.0456148822096,31.3781089620651
56.6087322747867,32.5447467126343,59.1406492746825
-64.2439097461893,-34.7559090865563,16.0653307951912
59.3199103477017,32.0477153210237,5.45273743485991
2.15243686377253,-60.088302365298,68.9971368691894
48.8870018073458,66.4107461488719,10.0883813065384
5.97880703907851,32.7190887702786,-30.5893097540747
-65.9789056048567,-22.6630518182122,-4.93269161769215
2.83130450626863,-26.2803849952925,-24.8544800977983
22.3565682438465,12.3853068346302,85.6640130675629
32.7616177050522,-59.3146515083233,-62.7587199510014
88.7337174790272,17.644927755214,33.5498344913843
67.9048166663146,-58.2288740899848,12.3223185403471
49.8420724171954,57.6667446218535,-7.53351571464622
4.98611209588723,-42.7555704364894,43.994034014521
-72.6211381708764,-30.5651903784026,43.2334799435738
-34.2376609149944,19.4811253747543,1.80723560881014
34.2667694498517,-2.90221299684359,69.3285588051559
-18.184674690549,-60.297109898126,-14.0647216830158
-21.1530145593027,56.6196528029116,-70.9011839257303
69.3833523582928,-32.1356409004337,-34.5851806217023
34.8817461954613,-41.9507129960157,10.2003963845418
-73.0162441109997,-51.9828237387814,20.6596686616376
91.1641548754983,-12.099807838499,21.3796103133987
65.2061209792514,15.421960203467,3.70827674073641
-19.4260726110517,-43.4886033190218,-85.1887461932032
27.3594722852348,-23.1755025328474,81.9513563395097
-24.9971611657339,21.6279201763128,66.8204886787342
69.8767131387041,-24.1911863669275,33.0789947198821
-50.1787319677867,10.5693707371262,-36.9078624362194
-60.9146908393482,-3.90651753703895,12.4640980558337
7.7478517475626,-56.8821458129946,34.2713432568865
37.7659651071216,-39.338975243859,-56.9179646515431
-9.10484662096907,18.3484328936499,15.6331108990878
4.25586243413937,36.0850716949303,-78.023418031945
2.02598683030758,-53.8906434665282,77.740924848647
7.00666297551123,-54.3417224663595,-75.2248455055654
-31.083627347516,79.2372419553209,44.3550568526826
-14.3796048937794,14.7875509377737,6.9753877530137
-55.2806351838055,-29.6364906650937,24.5944989402429
66.2264990162078,57.5190636125953,22.9325756624104
-45.8167440556528,7.11637325872033,53.9340526238741
-13.3501542273404,-43.0897689415658,-4.01191301743325
64.7789797591448,-72.983515339939,16.7085052741067
71.0027277513718,53.5087840993215,24.2586369562771
52.1790437636892,-55.503313748917,-51.8616545253877
-34.6267666257906,45.9605666642322,-6.75681064484651
-41.1520915190464,40.9566465783823,-12.6585533216965
21.1485917392461,-92.7894015807107,26.0967556456975
-54.983451782664,-10.9397986308966,-60.9994694969136
5.6080604445386,-64.5961000932352,50.2270922119876
45.2024391512632,49.7518168544637,8.7093295794482
-45.7505800817789,39.9337918575777,-43.601076045175
-53.727380865902,-30.5236964088508,49.1178975067435
-24.9837959319309,-63.3575612179821,-41.2851273166743
-58.3241903212401,41.9704355364286,-25.8748055780925
-7.11871080077868,76.6771357979204,-56.2229392378973
42.7972031327408,-72.8634248910889,-33.3606892856731
-24.7483546598393,-56.6644723411783,25.9153457598327
32.4096593717417,50.4653833033866,-58.3990635137279
51.9833801561226,10.8751753932571,-83.5267565926564
80.879755440147,-2.57201141301762,2.54084288080889
28.5456292916174,38.4373691483854,-5.93999615525748
63.2103342405249,28.4167542691731,-55.8860783990227
-54.9537464667095,-6.65579870052844,52.3973942679387
-10.1755368451861,32.4840513689595,42.7715169910833
73.4312979556231,59.6492313231354,28.7419120825992
-26.0324068198103,44.7558008516591,58.0501827124561
-12.4131174916727,62.7416340080858,-53.4944208946544
28.7298241891712,-46.6689215774906,66.9670886123248
28.9137171535254,73.6615985373589,-2.14239949561847
-32.1795073526965,84.0162215564288,35.7326003263164
-62.0875543236774,-34.402244424717,-9.70969210850322
-56.7091121538546,22.257888951821,12.4329053988497
-45.8722457546764,-4.39307686874218,-3.3713073450342
15.7086055309953,-73.6869462439547,46.9136417035464
50.5428069283975,48.5468586052449,-9.40902129068183
18.847013588922,-54.9197845075793,67.4693934320158
-22.3040381341772,-20.0534090373978,-64.8745369198673
71.5205010384557,-23.5837806027818,51.7045705158804
-4.17132188371629,-31.6549329226568,57.1758833381399
-43.0346838631821,-3.05906072134205,-89.4247911309245
29.5989529219911,-24.5284949965432,-82.7272906536634
-3.30537514820125,-17.8058122689426,77.450166712566
50.0537341333027,20.4601674087714,9.30627099415826
-9.67456050592134,-62.7741323584942,62.5076288960886
-7.59160851707107,32.5431007148729,-24.4973728139256
-45.9298028556967,-33.6402285032247,-37.5459444244827
56.722767428572,17.8485641146442,-70.7997488740982
74.1555928734455,-15.4728967743897,-32.8119038441176
-13.8213241163653,-31.2533796692152,-87.339599595047
35.4493742519684,39.776000685132,-6.52847836193331
-40.5218253502498,19.0390995089257,-38.0543860254285
-39.278857617948,-51.1190347631931,-33.6125300881536
-13.4618093467844,-51.1889865639507,-38.3043478998056
20.2438462158146,79.27766837429,4.48499849052538
-2.45667154973615,-66.248702188588,63.9815924945047
-24.700817147706,-61.4954716914104,-33.1935153200998
-3.07702118912681,-2.59902588389769,-12.1069436887069
16.8639752059906,-25.4300733717777,75.1097547278021
-11.0159604735675,29.8475054409713,-31.6999813728284
9.10202904527205,-22.7539199425841,-84.6081554830269
21.1263678726794,-7.24044983136309,-16.8320343219884
-2.18733571442975,-18.9026318783893,-57.994398975843
34.4222716476416,28.3084173416138,-40.1227645175468
-4.18665868754956,-41.7481399972662,41.1442514633187
-60.3337362188297,38.4963105860638,0.888597157606684
-41.3726181033905,-0.843525792327337,-77.6765220628409
52.6819773111164,-40.5512820850997,38.0204951874571
-24.0453148942381,-69.1511964680995,-44.2208938708618
-22.6592506060291,-19.9075817062799,4.83967763872807
12.3455532817356,-95.7287256670055,6.03781573252293
-91.6472603367335,36.1771516272768,-9.43633950265562
-4.02708574236228,64.8236091937892,2.7115731679033
34.5914877040561,-60.6061277390946,27.2181472762161
11.6230346506189,70.3069478437494,14.2795869539488
-20.474728872166,48.6182246574806,45.9747766540498
45.2957819064144,50.2739772764131,-53.5752918378534
22.1662763090209,85.6523118086305,-0.550083475347972
-54.1597315299183,-12.0644179044978,-12.0572935064288
-64.4548359468382,-31.0102244470505,-9.75288593887165
7.44106247062736,84.1527092857519,18.1949662156335
50.0787153325051,-2.76977366804887,-3.98880130737333
55.6660028265019,-61.7516629976252,23.1796675226053
-10.8628847179695,-17.8267938142204,77.0535021144492
54.5930209114539,-9.89330062632975,78.7860318662437
2.16217621769928,-2.56886076467451,-49.2642549083506
-14.5990164726354,-24.6679155019946,-92.2994776693089
81.5803804917526,17.7132068807048,43.4336586284327
-60.1569121216161,20.2156961522951,18.6165163232915
83.6433852125654,-5.16921960954297,-23.30558624503
-85.6164523926938,38.0462004643406,-16.8191216645779
-78.005161346009,50.4775115486985,14.3013295424622
40.799673495941,78.9003970449776,5.66950375190313
37.4901557101095,49.5934696277645,-6.82760089325524
63.5824716895541,-41.645733641212,37.6261022429766
-20.3894096798696,22.5695616336458,-15.5433352809079
47.7848836881866,47.0557390824955,8.81799794842504
38.2173869165896,43.0157614149454,-17.8119469469703
11.5378121165305,43.5250666667496,-63.8660989709928
-22.4407874643006,-58.0955839212322,-14.9561833415461
62.8318789991981,45.352011840526,57.8433792371555
-0.0152718064254651,-33.1740556387051,-12.0362443942161
35.5369041613449,20.7704917684327,-52.9482407852423
-30.4557051267327,53.6915331586493,0.296091589501779
70.1117572699445,-35.6770827219639,-53.6961553048794
1.24599538656811,-68.218389930648,-47.7042019756905
24.1194338862857,-5.66558732190664,69.7070970036179
47.8656018940142,50.3647300916336,36.3983949197853
7.32412614179364,37.8773407911882,76.848803792861
-14.1204246634731,-4.89551015111814,-58.3910249489978
-51.5198551724993,-62.6801819903072,-15.6662911622995
-11.1518251696192,67.3228467066895,38.1722539058965
-33.7625097966088,58.0565639011425,-4.51392048784422
42.9466002629053,-48.8198638691309,58.7432287429685
-33.5737319832038,-31.6769527999138,-43.7385466809551
34.6212647148318,27.060952898988,0.150193903030886
35.8193528566063,14.3892804382068,-20.4995573613543
-54.0349141075328,-43.0773293283554,-33.8280932701917
-8.39311046138729,37.7546617802621,-79.247226692895
21.4568913785534,83.3589466134579,-18.3221479050059
-62.3266064257037,-57.2688240381352,51.0481007703189
19.9584336682325,15.5541970023071,-30.9298440078806
-39.696103512101,83.218272484004,-8.21097879814945
45.9926775168961,54.9852928655612,-61.6956728556343
-57.744550912301,-50.9881504154781,0.881505928605607
37.8450385583751,71.6849483928576,-15.4631138395613
-49.4516149297147,-38.7412258727655,34.5623243419332
-49.3371338651278,-75.0317685341477,-14.4078537730448
-26.4923106470392,79.2245573856369,-19.8064063983435
63.5704131065702,13.4788507624422,32.4534958882224
-5.65723556661576,-29.8693610108503,-32.2521749188522
12.3865929828984,60.3126967003161,15.3616331502971
-8.29033372231354,-52.65584129289,-48.0899248336874
30.3878645713907,-1.09654203339357,1.99125885191275
1.26081163428902,-7.28248089800536,-51.2767224047883
-83.4974228249327,7.98471914920553,35.6563049556525
5.44705791942645,26.9609148999373,48.0686083443003
39.9716878705882,-72.3563808146167,-50.693744663984
28.3115506779288,-26.8608945970262,57.0791233462833
44.9423213856985,-20.7313610940086,-0.730328152931597
-13.9985953009131,-13.0108898273842,81.8710356315549
-55.610146696401,9.73137734006173,63.3088106902846
19.8760747967321,-36.0980838537737,-72.9363372591225
-42.6432227934013,-21.9246285779886,63.8110638117148
-37.9286517128379,-12.3503499965149,-82.8572318570411
70.2332546950327,-37.6627984553059,39.6237004361207
-13.7270737066407,-30.4738711880089,-70.121602062237
10.2183114525426,-49.2982528665808,-36.5028539312243
-4.5369505990423,-44.4289446982363,84.8032527355311
-6.98028192225757,67.8366734050416,-3.06944236744929
-56.0755369711543,63.0636667207558,14.1839964966461
-24.0249689984425,-9.38401976549859,-69.4620602278735
30.1907379061918,-8.52886058373769,23.8305723862287
-12.8482852508083,-34.8974949907881,-22.3072373071534
-44.6118078234866,-81.0607963307233,-34.1227038737831
-10.8954072871621,-53.8644285118238,7.28334561166688
37.5021049901594,50.7036389085957,71.4631849388792
-37.6649627630601,-7.98193246456429,86.2518301498111
-54.797589526352,-30.4767431854717,-63.9432457533361
-16.1433093430059,-18.3116292995402,38.3462066446959
10.0492757774016,7.16014335792102,-31.774257522005
41.3974617146328,8.55281523911788,-89.915410954386
-61.4326968531882,-15.076614310778,-38.0274051820408
-13.1730140950873,-52.7452618450988,-71.2407928016801
49.8994248802938,23.197577392372,39.4328886866776
3.64594548248589,59.1274285957874,-56.4481981969908
55.2899631050257,-72.3884749273595,-19.3386421789714
19.630649599431,8.69957108034561,-47.7218080005745
-18.6900294330775,19.5625355520434,-72.3371683494056
-20.7372487364959,-19.5318525500357,63.6349920948582
-43.8483520867963,64.0489476060151,13.2763672291485
-23.4872965247435,-60.1976385052947,13.9172621125172
12.7879980846752,68.0066207140142,-0.700470389063282
1.51542841993235,41.2392941526001,49.152847644662
-28.727008457717,-4.61186063695409,-93.7307843744175
-41.8908105356746,-5.11735629257864,57.6995508434936
20.5761632063621,-19.0742744297632,-54.5446052696127
10.1748689738685,20.963149451115,-6.9141646142504
-76.0389363997582,11.1902200500253,19.1727220104036
1.44420030377152,3.87538764360758,84.565885954492
-13.4073544845715,35.2589415426456,-18.6314210777119
-49.6447032914507,-0.00054496714109965,-40.9631331866585
17.270187757465,15.2683232978528,76.8848327354828
-14.5110124307123,6.0574702105736,-70.2130395518806
17.7576449092651,-64.0396732823131,22.6017366804611
22.8376761461567,40.6264311556431,32.5505036360253
-48.946275188314,59.9403691121778,21.9912426406576
-1.52229029772788,42.0526228428496,12.7834886861377
31.7988775335162,23.884371312818,-66.6833422345426
-11.7484842510855,52.8792157093408,-43.7487617500485
-86.361842537438,-38.9950979453653,19.8401143346992
35.1751698579466,-38.2676533361662,77.3039765457366
-34.7219864188408,-29.058278164234,-11.4940123111648
-11.7099871703884,-25.080528651266,91.6385740401232
26.5659493712471,-77.2338777230264,-25.9276229452605
39.3109937613494,9.39505387646214,-33.8899199448031
-14.9896734662572,6.67468943167561,-21.1301681659565
23.1759544303162,75.9978633770473,1.49597440506869
77.4583793243648,23.930058994915,38.3280613559267
-65.9388495753975,-25.0177873897572,-65.9865781001529
-25.0777873383552,50.1056335143552,11.3572509516929
-23.7697988980166,-26.2118342363658,-50.9268647577429
19.2868566898113,36.0872492553831,-29.6667024153167
-55.0435283608512,-4.19564675013176,25.8949861020378
7.65705822569615,35.6047616166756,-24.1730891975853
-16.8842655986235,-68.5239241129725,-16.702792338521
71.2315670063438,-8.00660513449865,64.1597295102699
-51.9317871368051,26.4824051303759,71.5022509274432
12.5300867515042,-80.5089184938229,-26.6407549065985
-71.3816404770066,28.9566056100687,-10.8356880123881
-48.4484060868008,82.6024368501569,-24.9049599579574
13.7171046115019,-17.9405700507968,-4.35847194385022
-16.5911668956763,71.6070325469146,48.8652779714446
-29.1176065908147,39.6834962561422,-45.2503352532078
44.0232689469997,22.835574829454,-65.8090137363702
28.4793452179515,38.1685090513703,-46.179396401505
-45.6598638708293,45.3756129130242,51.1794135032369
-28.9095639790309,-31.8253284364585,-19.2427076986727
-27.3494443850161,-56.6682210886121,36.2398220808709
71.0832012677528,25.0586065526269,-29.1218067993213
21.579714437032,-42.1876356836724,49.1552182484085
62.7197595704325,4.40537492533158,-33.8961262816839
-14.0128029877318,-82.7028762440345,-7.36120074388858
-49.8673424035515,59.0585114492418,-30.3520389796216
20.1031305103898,26.8319633183037,82.180667977832
-34.7568726819988,16.2433323870636,-29.1097995779
-32.4327729330192,-13.7311035591419,-38.2788832464943
-74.3959116564246,-26.8293348757722,-45.6773628448559
5.79651649133161,-19.0298161932264,20.5646382006283
-30.445141384669,-60.5268019609707,-19.0604852472114
50.5031335682942,-4.6915835672453,-64.3122570653625
41.2163749519519,-37.5672403319332,-28.8839905941653
38.6860536761142,-39.0267433617619,14.2835779622286
54.130703002114,-8.30483628458301,28.5004984556055
-25.3619815932875,-86.3082057918163,-42.0860730927632
57.3987011753298,-66.0611086544075,20.4998381554064
-42.2805797425432,32.2908253767998,-8.93857879884409
12.8746025427521,-18.5500310972854,-13.0571164284175
68.1272347942038,33.4663323047706,-6.34162048986936
-46.6308568131773,19.3585128058815,-64.1178310973138
52.8649323442271,2.02373178978347,32.3872831865835
24.2659866780584,-20.9005607204452,16.7604859579036
32.1493299352678,-49.6394261741542,-15.0807568575175
49.2110271996559,42.7500559543115,45.4101940247792
38.6215191725053,40.0836398962223,-59.2579594675637
68.8751311244174,14.3401886720695,9.63485134624041
17.6709124326325,-13.1811526281119,90.6293630272369
37.3513167751846,51.7194285661879,27.8775018974484
57.8827534270583,40.2978706906491,44.0265398011401
-57.6806687221161,-9.38199145487736,80.292427399944
-50.3752197513476,-4.40451824459992,-59.461364725798
-53.703167937385,73.679795717805,11.493034725959
8.07284458885693,81.0331491236279,-11.388288312048
-30.2054966315799,-59.3517206831546,21.1720424689074
-72.8861787666753,-8.70230229853778,-45.5773060395014
11.8038099557768,-61.1718462991573,65.7132277546834
56.4604047517894,30.9418327916769,59.2604608348606
33.5406099122634,31.2496448112682,87.528155391629
-55.4315884649268,57.0865911021287,-10.4404262541965
30.4140643845812,-13.2591663876171,60.4249664497831
-1.13109706862051,26.630553907384,-39.0650148527322
-48.4419614793205,4.65470725742516,71.4294999180529
33.3255419012421,-68.3811027466298,-36.6029737350533
-38.6710909230994,31.1713418103187,-63.6380610901467
-74.8239734605364,-10.7537754514904,53.3407719891446
20.8488151622255,-68.7562352831845,18.6429657628477
-70.3306170624126,26.0006284649395,-1.38854996630281
-45.5974588913202,-44.2960856348884,56.7869322027012
-78.0022014753727,38.2070694291295,45.1778035030687
0.530746678387118,73.0896081595528,2.28952249883239
-56.3978419568881,73.6114148006133,20.4337256040949
23.1077947937646,-14.2495333808907,90.276215916007
74.0733684138105,-30.2375197007981,57.1659605011391
46.6541859692898,-4.14268271556822,14.0327899137401
-4.54798944578168,6.14018237339569,-9.72141161158843
15.6195967626219,16.9619567718976,-30.7042354379663
-69.8492019176582,64.9727341084665,-1.60879608339328
51.4434704368841,-43.5021692421636,40.8164231589803
-19.7571038619127,-21.6347394443024,72.2406952834414
0.197845962311035,57.1011758597329,62.4797170119267
18.6254948172751,-66.0881677974171,37.8498569827964
68.9870853287442,50.8795278739492,6.94382581482979
31.2846708087098,64.0548031096322,42.9228227328516
-20.809883681704,-96.1126849399319,-4.2561286455879
-22.1329861676195,-31.0503988222106,-42.4539902807865
-61.5913713575035,45.73546036738,-8.60155538997091
-72.6740049647129,-47.7218393866069,49.2119212155621
-0.935496457031407,96.6300912647855,21.962673550573
-0.627936227624857,51.2623554950116,-34.950459498519
-3.10018670209119,-30.4079525051505,-91.8038852084663
-45.4310005120067,26.6330288764831,8.12060964839857
-33.2800798376148,-43.4830313347185,-49.069318068565
62.9949649040943,68.1802048277483,-9.29377139582811
-14.9946884326422,-12.7438278948441,38.4641554460515
92.962419385376,-1.72192384645112,35.5560928294533
-68.250368219155,49.5604977328575,-22.3168804778792
19.4524181298906,24.2599395602464,-60.1909717104067
54.5504008899711,0.996593429381732,8.34154520244931
-67.6616327802733,42.8173822283229,18.8617717785096
-60.6791362129913,44.830003820696,25.4938685799055
-52.3939241754063,21.655765916363,15.3835905092493
-45.7634450017848,-22.3942927279677,34.3422536101715
15.6348685748396,15.8902143759512,48.1299857868717
17.3001604640899,-42.1568623288064,-31.1470911376162
-32.3092579491244,-8.29827536971431,24.1569663503003
-51.4958091103446,16.3719268237093,69.0746238463539
-58.704399376725,66.7261875610582,16.016817497103
-29.8668009610143,62.7486441899025,45.6673152219535
69.7859338499201,-55.9981277563858,-21.4724259882678
23.8060553997518,-49.7674778059458,74.851259091768
-18.869445104114,78.5685189311652,57.8468733925223
9.22050201136159,16.2738504020393,-42.8648131544729
54.8646912722188,-37.2541329077853,-64.6189979162371
-59.5646432518241,-31.395556863635,-17.000671555157
-42.9574322575608,-24.4427872434954,51.7926902119191
1.54101091147056,21.4480373639553,86.7859287412724
-72.8666383704487,-46.2436074160802,-47.2027301878313
-6.96542245004659,-82.0077575583336,-30.4501885964769
-5.05430447278709,84.9845238051252,6.59219645399649
-48.0194854673868,56.0489324819254,-64.2509153255304
1.64064200205152,-79.8607991325691,-18.9445815258523
21.5032424410514,-66.1278288245341,-22.1547120895766
-30.0123041411915,6.12199602503443,-28.8463966946346
-35.3115959985975,-50.4518072046516,61.5297586348767
-42.7419398099434,4.85514461621497,-17.2753957612642
-18.200494872932,94.3188119187491,-18.3653504923885
-34.8623083887286,61.9818875468914,59.6341849012337
43.635249579953,48.4178380715805,-32.2407195136144
-32.6642484347222,56.8147850640034,-40.2887447676383
48.42838654058,-41.4651207257353,-72.8800618755977
-10.71774314133,-39.3236926418012,6.5838755668142
-15.6901534815345,84.3337911397254,32.9579444047995
-4.94411157308712,-95.573318208513,-26.1391373098689
-54.0284836249967,-35.2609098406646,-73.6174425915283
8.06752927497292,22.2813591924558,-82.31004965421
1.24456429697906,-67.4185943191177,1.00289221491296
2.68187892364871,2.38731353564928,83.8536730964882
69.387961441346,27.9105823352341,30.3928607839694
-7.72993416786105,-88.6451875599042,-9.62714023077361
15.0201023637435,49.5098029540548,6.64999145816281
5.33140428618092,80.4484681914737,-21.9989408240923
37.1003841240126,67.7831119792666,49.2619897142886
-73.42261334888,28.3642103822291,21.4487593803648
-40.1382438711068,-59.4805212385253,29.4338671175019
19.3731325117888,67.1387980828258,70.0564809945154
19.4287639157616,23.6463176930958,-30.4525317944512
-30.390485589488,39.6343217767355,-35.3256974294633
35.5005141019959,12.2164913409854,-18.2996645580946
-67.9484854432482,-18.9780591228145,-62.547656499604
9.87070820629029,65.4073713163572,43.2228557868429
-33.6092770455947,-4.50012354172302,-38.3757114941604
62.6882419512696,74.3137998881785,-16.9402460452976
-7.65658679162341,88.0768586728802,-10.129168395392
52.1293093796752,-20.4355656849337,52.7968901086205
-1.29635007531356,-61.0233484452016,-76.5639036457664
-17.296295436997,28.3732761519813,-11.2540183657902
-52.5590148630466,-15.3034686920439,-1.69762956281528
37.2689635503358,-3.88770845019856,-78.9617936027319
-38.3306301894784,54.2230599005664,-48.9703097745962
0.227465462081172,34.9086209502861,2.51928468903211
-42.6432552416881,86.2056270888742,-23.1446812756386
-0.245857362171973,29.4951548187135,10.1414256104115
42.9733490626286,26.8961269314839,-55.9319057354808
22.2074585682051,-57.3139343517194,14.3984802274138
79.9780721240803,-21.4146110739245,-52.841083948383
-29.8391713639674,-19.2236987242398,-51.1620022274227
-85.227490675453,22.911057418788,-5.44168315452926
-4.24184047773973,85.4336968650399,-10.3491484464918
12.4911832138539,-62.3650884883085,17.9181955414146
43.1728171696706,-49.5732402568461,64.0186289969351
-69.4024694348757,27.3146406916549,-53.6437063976769
23.1328748964065,-0.677191822712668,1.28688385887963
75.7082264057637,-3.31991047546856,-37.9551584421454
35.6654792134088,65.4537115604938,5.54240987081897
-24.1642530998129,2.66361466260918,-12.6282700056519
14.4519977160428,-72.6657827117934,16.8819356711636
25.0884430872018,-13.9791315890976,-84.1222198605078
-2.09007587094913,-27.5672637109431,75.1646231529598
9.2177221472091,4.14557787574585,-69.4056356077475
42.1123799001954,6.96070383789875,-19.0704317258686
-64.6682505292816,-57.7182922919811,5.39225059600456
49.3000466103212,-58.18770638449,-14.9110881407767
83.8651359202357,9.05071093607208,-2.16525102671167
54.8571635246254,43.7952306877597,-10.7024808598702
6.84283501538699,93.4732556234935,-9.58007999282428
-25.9128846768045,-60.765598213982,58.1599280258028
-3.49776258666385,-8.62230609505364,55.7989347817765
-15.1974501012111,-27.6358254793824,-76.4049393349209
15.6344651438527,-9.84962579806768,-63.4753516507499
